customer_id,credit_score,number_of_credit_accounts,total_credit_limit,total_credit_used,number_of_late_payments,bankruptcies
1f04bd51-adf9-4a06-a366-2eb244fcbf33,762,1,89306.6,40847.62,1,2
ec087428-6b7e-41e0-aa44-ffb75be0f871,396,4,98840.28,26986.67,1,1
db5f7d18-7185-4242-8b94-2802b14cbac3,848,4,94449.7,81923.84,10,0
e4faf383-06c0-4a8a-a8f1-ceed3e73fa96,649,1,78022.39,73112.39,5,1
2839bb50-1fa3-4ca0-bf7a-32128d03eca8,457,2,41626.59,29139.65,4,0
9875831d-6bdd-43c6-a2ca-8411aca76231,579,8,13351.91,1440.47,1,0
bfda43bc-d7a0-40c6-ace9-238d53f9ce20,681,1,61100.6,3947.37,5,1
20bfb19a-7aa1-4c00-8808-7340ca6ce88b,704,3,78437.96,77546.18,0,2
107397ae-79ac-41a2-896a-ffc111bf3157,317,8,85818.04,82367.52,0,1
21d97b16-ccc1-48c0-8d79-56d859a2f147,709,5,35527.96,11306.71,6,2
01bc6596-c250-4e8b-bad6-57f693cbdcb9,587,3,89439.62,103.16,8,0
6041bce5-5bd2-48bb-821d-b58b056ebc85,753,1,27630.23,21803.07,8,0
2fb17510-7c3c-4bd7-a573-f8b69fbc77e1,826,4,72435.74,70193.46,6,1
9303efa3-e50f-48cf-97a9-6cceb7e61e43,337,10,91737.85,45365.54,0,0
773fa8a6-3988-4219-aae3-127fefce2606,381,3,44365.8,40852.56,6,1
018ba0b3-67fe-4449-b374-4dcf73093d5a,532,9,54388.33,52183.93,5,2
715121e3-b8f1-4682-ba9d-52b580454c97,595,3,20817.15,20413.66,4,1
8ff9af2d-4f2f-4ce4-83cd-2234fa374442,472,8,96875.1,64598.11,10,1
2af3f8d4-cd3f-49d2-8c0a-59f8ab9dccb9,716,6,89722.42,84844.6,10,2
ad527227-5300-4c8a-9c9d-f34ca4b0e6f5,428,7,63252.37,44419.86,10,1
2f57fc33-0ecb-4a08-b6d1-b4f99b0625af,798,1,4463.25,553.95,1,2
38340df8-7b8a-4f40-a65f-1827af5d207d,324,3,25138.95,19117.85,2,2
68fa83db-f8fa-4ecb-9697-1187cbb3048f,437,4,13211.82,2626.21,8,1
0e7b7aef-e12e-4729-9c55-bfa941ffa96b,314,9,63971.16,10219.85,8,1
374f8d56-9ee2-46f7-9a9e-a747f3960968,323,2,52905.71,49296.39,9,0
28020b50-92b3-4a8e-82b5-55e31e1f5075,829,3,25332.22,13343.44,2,2
18196a72-941d-4156-8684-6ee3be5ee3ad,430,7,92452.57,37539.4,6,2
8b6223ab-2849-4d4b-b9d2-ee7785203f5c,439,7,79957.5,56101.41,4,1
fa74376b-84ea-4315-83f6-da4e127772aa,662,10,30703.42,8622.52,3,0
53f38c65-eb26-4a26-89bd-a882209b5c43,777,9,47614.85,6922.81,1,2
bea6c8e6-f00b-45c2-97e3-c56ed7b8efa2,805,7,62668.91,25703.1,7,2
9b0ba3a9-0b55-47b7-b0f4-f83fb2b1ea8c,300,10,33061.07,8937.21,6,2
1c698645-b0d5-41a9-8b19-a23f2765b4cf,434,4,31824.77,13501.26,7,0
b594cdd1-5b47-49c7-86ca-151029257560,577,5,61650.19,51979.64,3,2
ed5b774f-6d37-4a7b-bcd8-f17943ea50ab,413,9,23758.1,11730.51,10,2
f7499328-daf3-49e5-8687-96448a3737ed,688,4,48362.65,6829.65,2,2
0946e4d9-1b5a-4195-9595-83651e7a8936,566,9,55495.78,1390.88,8,2
98567c88-14f2-462b-b480-aeb139a4d202,785,4,53686.19,28610.98,3,0
59d63d84-3828-4389-8d34-28333efa4100,598,10,84044.45,6683.88,4,0
46dd4a08-d515-4920-b780-ccd095534e55,379,2,91328.36,87695.79,10,1
5456eee4-b9af-4bbc-b49a-776c9d7be9db,819,3,40650.4,710.73,6,1
7d4dcbce-83aa-4fea-af4a-3780d4371443,341,2,82334.39,73567.66,4,0
eb151c29-486d-41fa-9886-285b3ee751d4,700,8,31766.75,2667.48,3,2
9889cc89-925b-4738-8fed-52ff6c8ad2b0,348,7,78247.57,65956.25,7,1
641751fe-38de-4560-b220-bfa512f641b0,827,6,88542.57,13973.9,4,0
e88515a9-4205-4cae-862e-d2532c35a902,407,8,44623.87,26566.32,5,0
fcdf77c0-fdfd-4471-b0a3-72efdce05c6d,690,6,83501.76,33552.09,7,2
517fecfe-dab3-46ba-80ec-d95e6387e002,774,4,34786.3,20152.52,6,1
9f509cd9-3919-4e82-9f54-8b245f70100e,824,8,50893.6,26221.39,4,2
c61eb0a0-8b69-417d-828f-859c13e539b8,645,3,56294.34,16430.59,4,1
2152cac7-0b33-45bd-b017-74de4296d4cf,356,3,74038.85,66689.98,1,2
38626a0f-32af-4033-9b68-63f5d70499cf,792,6,82974.0,70989.57,6,1
3483bd1f-7573-41c4-86e6-eec44b2c43f3,730,1,22684.36,17428.86,6,2
e52acac8-8bb9-4f8e-8bfb-50ce38902815,303,8,71496.29,64811.86,3,1
315d08bf-1d25-43d8-8a86-e78dbedca5d3,491,6,78444.74,75838.71,8,1
bdb30b98-2a49-47b4-848c-6f903f2b29a2,519,1,64585.54,51938.64,3,2
c81fda70-5555-4204-ae69-50c78c0a6a59,535,10,22404.63,10631.06,4,1
0432d501-4f81-41b1-9d5c-0326614b2f58,380,2,79500.3,60329.16,8,0
d81d10f4-3e6a-496d-a209-ebe0224f49a8,367,2,12393.98,4790.97,5,1
beffafcb-816f-48b8-8bb2-fdd9bbd388df,419,3,21960.2,13110.87,7,1
36ef908a-cc86-49e1-99be-0bf0daa5dfe7,766,1,73678.43,26745.75,6,0
319f2bca-28fc-4e85-ae03-fb5f540c401b,561,10,60645.38,31610.44,5,0
2a47f401-8df1-413a-83a8-9e87c4edc5cb,799,4,24409.94,7818.78,9,0
3a931b15-6fec-45fb-afe7-a915ae950dd5,414,2,98972.36,16453.7,1,1
1eff84d0-b11e-402b-a6ff-4fa8cbeaafab,850,4,80207.36,29011.81,8,2
05122502-4572-4191-be53-33e0fea5c3e9,850,5,43404.32,35903.38,4,2
0ba74058-38fa-4d39-bcda-54642a82bcb2,632,9,98176.93,24533.84,6,2
4549a937-77c3-4748-a7f2-25da8802ba2a,641,8,3381.42,1797.73,10,0
54c99c46-45f2-4db2-957f-2edbfdd7f951,788,6,77742.61,57644.36,8,1
5f5a8880-26df-418f-8c10-d034b186f79b,596,1,20333.98,11887.32,0,1
5540721a-33ec-4480-9f74-c0d14dfa6de3,413,5,63259.15,26251.93,3,0
59552970-2bef-4585-ac49-ada4c275e577,752,1,7405.86,7082.83,6,2
bfa13866-034b-4a12-b66f-3f6935e3315c,410,10,46454.74,19487.21,10,1
788ea2eb-32df-4939-b20e-d3516a3e52dd,583,10,11182.39,1463.69,7,1
384803d8-a4d4-4d91-8173-dcc0141d1300,323,1,77453.78,34646.07,0,2
3976fb8a-ed52-4243-890e-1dac78587dcc,496,4,89805.62,8326.27,6,2
be340850-1d21-4d23-87c5-4f6fea7d144a,318,5,61757.69,29095.5,3,0
c19a8fb0-39cf-4c20-af33-3abe5181fc2a,386,3,27724.05,632.68,4,2
8b41e977-62e0-4304-9d51-30e91e4beedd,730,5,85983.38,5429.27,0,2
178dd6d9-3a41-4645-b352-2d46d1569709,443,2,26507.54,13868.38,1,1
9bebea55-f1ec-4e6d-908c-48a00d4be153,570,1,65242.83,9257.84,1,2
b7d68fa7-4296-4405-9ee6-0b25c5f99294,330,7,39661.49,20851.1,3,0
a9a17150-af35-446f-9476-aa191f6b1f60,337,3,55272.4,30483.61,8,2
ce1fe9e4-7047-41c8-9631-7bd46123a199,803,1,66663.18,30138.44,9,2
a16c3748-aefc-44a0-b6ff-a89e655f90f5,540,10,51111.69,42894.42,5,1
983243f3-759d-4c4b-9786-68fc93fa8a0f,836,4,38165.57,20175.33,1,0
0e18d304-7450-4cc6-8051-1814a19ab3d9,845,9,35991.68,17742.09,1,1
455b652c-d374-4551-adef-6ec6f05e00f8,747,9,21536.03,11184.64,9,0
a324a14b-f0c8-4ce2-bed6-7db07e5fd9cb,734,7,2511.75,1635.4,10,1
bd5e700d-997b-4489-a0b0-3b8620d3ca16,303,5,11595.56,10444.58,10,1
f1ff5c8e-1714-4bc9-b7f3-46b127e214d6,585,10,54786.14,27455.99,6,1
ecb7fa76-0dfb-454a-b9c3-651bbfcc555d,762,8,98679.75,94651.07,1,2
8472dc6f-945a-4556-9460-117f1add8f57,785,4,91101.11,35575.93,6,0
0ff7d0e9-3181-494d-a779-bd766dce23ed,775,8,54193.83,53915.67,6,1
8b62aa4b-9c78-479d-9d34-f95bbbf9cccf,747,2,12046.28,6997.33,3,2
5c1423ec-8ede-45c4-a26a-7d181a5c2dc1,652,9,38258.47,36346.25,4,1
e7bc252e-2dbd-4af6-a09f-8b1ba177b3b2,650,10,64972.02,19113.21,5,2
fb2859f7-c499-4601-8fb3-5e77114117b6,382,2,24021.02,4322.05,10,1
9bfb69ba-d916-442a-b3db-423e37ea73d8,333,3,31619.29,11003.24,9,0
4b10bf72-2c2c-4a5d-a280-8ad78b2304e5,499,2,56689.57,25323.67,10,2
418bf347-dfcd-409a-b333-ad057288a3a5,706,3,44361.28,9998.17,3,1
15c1fa9c-e8a7-42a6-afcf-52a91bb1939f,538,4,65013.69,29090.61,5,1
7c27bebe-b2d1-4f15-93dd-9c5b22fe5678,592,9,14568.62,12296.24,5,2
e1fa2672-7c45-4adc-a71d-64ea16984a5e,628,3,80706.79,39764.45,4,1
b10f6974-1bda-4db4-b0f2-9959ae780aac,314,2,68064.59,9004.47,5,0
e12b4035-f662-4744-a2ce-09758ca5347f,686,1,82611.4,38040.03,10,1
0b219012-9143-4285-affb-db3a2fdff2c7,843,9,45095.53,28502.51,6,1
90b3df4e-0914-4399-8763-1ad94349e190,484,5,10520.84,912.97,1,1
807ed717-d87c-441f-baf2-ca077b37550f,534,2,44597.41,11432.74,0,0
c2476b07-c026-4368-90a0-8a37e511bf3e,644,4,75225.0,41995.51,3,0
a4bad620-ff9d-401d-a917-839eafda9d4d,300,1,82980.38,8068.26,5,2
c2ee8e1b-0729-4ddc-aba7-99627ef4ce1f,491,2,63056.14,14640.53,2,2
99f225a9-6033-45b9-a0af-d339cf041d72,782,7,15126.48,12771.22,9,0
ce2595ad-8b91-4440-82cd-5cb5f15e2a1c,733,1,53721.7,10974.02,10,0
4be543f0-7693-4260-930e-a82f2d931c91,553,4,58830.03,58702.59,4,0
3cee4f4e-0d9e-4f05-b152-82e0fb7e13d9,814,4,28475.91,10284.35,7,1
89e8ac2c-cec1-4285-90df-054628d1e42c,427,8,69914.95,56926.37,9,1
5e716cb9-78e3-46da-ab8e-fe83dfe1eb11,345,1,31649.55,8641.32,8,0
84d5bd2d-336c-4f87-9393-303279f72e87,845,1,8960.16,7256.91,2,2
8f4e6eed-950b-4cc5-9d24-56cb0e94622c,527,7,76300.93,36333.34,8,0
4b618501-f0c8-484f-8622-8f860905c284,526,8,71871.67,41178.05,1,2
1593f0af-ca37-4762-b685-298ec03d75ce,567,7,66540.55,45418.12,6,1
83408b1a-e5c2-4c9c-880b-c37c9de8fe51,792,7,78577.84,28625.34,8,2
ee41ed82-e746-4a1a-bfb3-93f4e1376090,782,8,82841.89,11172.35,4,2
91392b2a-c1ec-448b-9c22-0d996f45f333,786,1,56692.0,26199.19,3,2
ed7960b1-3c95-42f9-ba3d-f121df6df7df,373,7,13399.66,1759.18,9,1
ce51d996-703a-44a1-aa13-8868d49c2928,645,2,84262.51,61081.74,9,0
677e0f82-857f-407d-a474-d8353747fd3a,375,3,54023.61,50449.76,6,0
d3d88a43-bed9-4b16-a041-10726ea46a0a,778,6,18225.35,10553.41,9,2
2cbae901-3c27-4223-8ecb-bb16b9824e97,679,6,66749.24,66176.66,0,0
789c0404-5d77-40b0-96a6-9a5c3f93e7c2,699,1,90607.48,21942.06,1,1
73dc9ea7-48bf-4c01-9157-bce6b6f8b307,333,3,54078.48,13946.36,8,1
a3fa2edd-8f06-4ecb-8a68-340de8fd52ad,595,8,30544.23,18666.86,3,2
b8947970-a0b9-440d-a64e-b2ab4a27d437,555,9,4117.53,1223.73,1,2
b977078a-aa86-4dd0-ac05-b1b3b10a7b6f,738,10,60099.57,2714.12,3,0
1390e224-0d2f-4a65-a963-f28eeb965723,636,8,26597.18,5945.19,7,0
d677c7ed-e690-4c72-a017-35dc766a3588,633,8,97327.24,6741.1,9,1
722ba41f-4b84-46aa-8dfc-420dba241a2d,553,9,1416.77,260.47,1,1
a157a103-8e8b-4912-b80e-e0e7ed4a7239,577,3,98071.16,82594.29,4,2
762270be-b7fe-409f-9449-d1a8039acda3,791,10,97951.17,42862.75,8,0
77be0024-0d84-4c8a-8f58-d4ecaf75d8cd,420,1,72778.2,52602.33,2,2
299c4de0-8e45-494f-8dd7-58ec62e448c1,445,10,55951.18,14723.72,0,2
ed47b778-4efa-4865-89da-8e7791f3f41e,369,7,29407.6,19715.96,10,1
af24ef32-d53b-4867-9c85-ab7f6a91d694,528,6,93075.54,90260.12,5,0
414ce302-ef0c-4338-9489-d8c38d045763,735,6,11192.69,2320.98,8,2
fdc65558-94ab-409f-92ff-192878d22a3c,367,10,30336.0,3480.15,5,2
ff307446-b6d7-4472-a306-aa2158856f0a,463,4,65451.95,26843.52,4,1
43effeee-8802-44d1-b6e2-c8f820c9e0d0,694,6,45030.7,13781.92,7,1
7a26a535-1fb9-42c7-98ed-25b658c1f648,574,4,84943.07,75496.39,9,0
ab67c9f1-f643-4265-9731-60d73e8811e7,754,1,96970.66,44377.17,6,0
696854a8-8ce6-4c3b-a9d9-95f82e5766f5,795,2,29068.27,21319.09,7,0
4eca0a97-6a33-461c-afe2-e83ebb399620,776,5,45559.83,19660.81,3,1
61574376-8d78-4b7e-a308-6de72cb7c6e9,373,3,42541.85,11564.84,0,1
1e1efabb-9588-4132-8e8e-e8617e36b22c,686,8,54520.02,22687.39,9,0
40a0c0c1-f264-457d-addc-30c94a855bfc,513,6,61140.17,56303.29,3,1
75d1f2b4-1d10-451a-a03a-1b911198e9a1,754,7,85808.87,47066.66,0,2
8d725ce8-c40a-4c19-b8da-a8685b64441f,806,9,33366.19,1329.62,8,0
1dc23615-e408-450f-9790-95cd2ae62cea,748,5,9210.05,7831.11,3,1
9ad3e9bc-e745-43e3-851f-aab84075c689,607,4,82174.91,59547.0,10,2
64133fdb-222f-46e3-b460-a1045a00e7b1,805,3,37487.24,3063.79,3,1
90b031e9-8109-4231-809c-18b411362387,474,6,35154.52,9632.0,9,0
5fb85e71-6d27-40b3-9612-15529e1408ba,520,8,77496.26,47285.71,6,0
70233ffd-d7fa-4f55-a1c1-ac0e9afd071c,670,8,1543.58,413.65,0,0
b6041c62-614e-49a6-8a77-b18276462acd,616,7,22436.45,4493.64,1,2
3e3ed0a6-5bd5-4af8-bbe7-a6df23cb350b,440,8,5974.6,5883.4,6,0
54b7928d-fbd3-40fb-94d2-e7d4677d4238,720,7,87834.7,46694.74,1,2
8e5cfeab-76fc-4261-a4d5-cd8014209e49,487,10,10201.05,31.48,5,1
ced8d70f-28e2-4d1c-b367-64d49dcc3ab4,354,1,90111.35,59076.26,10,2
9a349328-a8a4-43bb-a4d2-538beadb3659,741,3,19527.14,5220.51,10,0
ebabd67e-f106-4266-a4d6-1894cec26441,620,6,89240.03,37413.21,5,0
6eafcd11-8456-49d3-8c9c-8c64d02fdaa7,565,3,78387.98,21934.42,9,2
9f119e19-de72-4a17-bac5-dc5b3bbd3a67,845,7,30502.87,17953.08,4,2
433cab8f-a34e-4120-9d58-c5d726cdb6d1,683,1,46908.47,7046.78,9,1
8d4552ec-7113-4a46-b672-469a3afcf298,438,10,3145.78,1898.33,8,1
70f77ca6-5ad4-4a6a-8eaa-1b6fef603704,772,4,56819.56,36619.21,2,0
bb725119-5a0e-4d22-881e-fe1f84c44436,609,10,30649.59,5050.86,2,2
cf6df3c2-06d7-41b2-93be-6f5cea6d97a9,657,7,49111.33,17695.82,2,1
c118e7cf-7564-4d2e-9eb5-1d0a202da86c,732,4,42857.12,27230.01,3,1
1f444620-9f03-4ead-947b-2ac2f61deeba,463,6,89625.98,79105.5,9,2
34746d70-3a1e-4700-a7d3-c2faf2305a0e,805,8,32996.89,26405.12,10,0
3895c4e9-f4f2-4931-9cb6-605fc8ed7cd4,523,9,76902.18,40900.05,3,1
392e0b86-5618-4e46-b103-93553611a37c,821,3,51876.36,34761.63,8,1
3eede5da-0638-40fa-b70d-da65c8e3a027,628,6,16655.9,10581.07,8,0
50d37c70-abce-4c92-a314-836b31cd261b,324,4,36387.05,18533.21,3,0
e152bb15-cfc9-4f86-b020-489e158bdd1a,605,4,27518.45,17943.92,5,2
06a228fd-e70b-4860-a9ab-8dea10cd1e97,497,4,95059.24,27601.01,2,2
bb91e9fc-51cb-4c63-ac36-1e609338c14a,422,6,36824.27,20473.17,9,0
80556bc3-aaf9-438e-901b-5e8cbda3dd83,740,5,40151.19,6824.62,2,2
6ee5933c-e130-4db6-8be5-99526f39b995,665,7,89865.01,34897.13,7,2
1708a88c-6020-4820-8110-a9170dc6deee,757,8,41913.92,9491.08,8,0
3b722fb6-18be-4a2c-916e-6175fa81050e,314,9,31396.35,7256.05,10,0
5ec688f6-b543-4915-bb14-ba1107edfab2,775,3,4501.99,2718.19,4,0
dd5332ec-d5cd-4fd8-b978-cdb4a6157034,426,10,77217.93,11987.73,1,0
28b113f2-ba34-4cd2-8ff6-cf312b84e7b1,545,2,77362.94,70326.03,10,0
7eca63ab-40d7-469b-bb87-da860bafada8,683,3,28630.06,15494.65,9,2
10bd90fa-d621-4055-8e2b-b639c3697eba,692,2,10095.32,2323.52,6,2
06f0a4d2-09ee-47ef-b0a7-49d8153d72f5,346,2,95544.49,47631.67,8,0
7f1be61f-38c7-48e0-baa8-fac8fd94230a,763,6,69576.58,46086.35,8,1
94226522-a9fc-417c-bf56-f4a8e6a35a07,546,4,63683.89,3510.85,7,2
e978d437-dfc2-4bd3-b4ea-b2e8676cbec7,511,8,72584.66,50734.82,4,1
e500c90e-b023-466d-a020-edb3d3a68124,633,7,51346.44,3391.77,1,1
3d482617-bc65-496e-afa5-0ccd9bb9f678,508,3,57014.76,52305.61,6,1
3ff49c98-3bff-494c-848a-67cbbca52109,762,1,47756.88,25581.66,4,1
ea4cf6a6-df75-4c99-ab43-8244d18ad214,839,7,90818.58,27544.0,1,0
cfe6c32e-b791-4cb6-9428-a27da1b9d3df,461,2,74414.51,59960.95,1,2
ebb7ce3c-9cfd-465b-84c5-3dc0f71d0801,359,6,12423.96,12046.33,3,0
915e7ec6-31fb-4a53-af88-e72256c90d47,719,4,95809.09,65283.02,2,2
b8780c04-b2f1-4053-8793-98813fea8e4c,654,5,40432.0,13538.51,9,0
ac3d449d-31c7-4d13-b90a-c59fb3864659,524,10,74322.86,26615.95,0,1
5a7f00c6-1d75-4c92-831f-7b7ecaa2b936,368,9,71396.28,16806.99,8,2
3a98c1e5-bb06-448f-9806-41ae0c0f83c9,778,7,35968.51,8574.05,7,2
faa6fc07-4066-417d-94b9-d43964765c28,512,10,63538.8,36783.76,5,2
08d5f814-f96a-4d87-80c7-ebc4768c6848,357,9,32236.23,18623.15,5,1
182f65fd-fd4a-4302-bbbe-9115516ff453,778,9,17010.52,4836.73,8,2
0f52bc79-1aed-4834-bdc8-2cf11b08ac22,329,1,64363.11,29701.73,5,2
5d3b678f-5965-415e-b6a3-718946c93a53,336,4,9352.75,2092.6,10,0
634fd507-1ec4-4e0b-817d-189ebf06561f,839,9,19254.94,55.4,6,2
228a379a-0fd4-4287-8e18-2cb6fa6a0be2,402,2,50249.95,41668.14,10,2
7ffd9682-40f9-486c-ab91-7a490edeb461,628,6,76265.63,30595.91,2,1
d0485fd3-ef35-45fd-8f17-e3f9b7e057e5,494,2,73936.13,50188.37,10,2
050d47af-053c-4f2b-8ab5-10c11e4a2988,538,2,48973.57,43031.95,8,2
c6f485fe-1803-4158-8f62-2dc6b59e2488,554,3,40681.51,35649.26,9,0
c6bc93e0-b9d5-4e6f-af8b-a0bb44f6508f,737,8,20945.37,1760.1,7,2
17e9830c-8516-475b-b8ba-d886fb63e841,847,4,12829.08,9498.38,7,2
acc99a59-71fe-4f61-8c6b-a82c5d913779,728,2,93239.32,48518.59,4,2
ae04e491-765c-4ae9-a0ab-e2c095297ec3,323,8,4372.64,3737.79,6,2
54ecf6e4-fae0-4663-b6be-7ce8a61fa5e7,684,8,50664.26,37662.6,3,2
6afd5d54-d505-49cb-b9ee-e4d6aada4aec,650,4,91112.01,26489.68,7,2
05412b9a-9eb7-4de6-807b-e4a911266c4d,674,10,22119.76,17081.2,10,1
2adc11e9-0972-4e98-b7a2-10ed57b0cb94,321,6,94601.47,3418.21,7,0
cb6089e1-aa5d-4659-abbc-d44ce190e0a7,819,6,17933.4,13632.66,2,1
a6285b3f-0b4d-4de7-a434-a90420d80c6a,635,9,32839.24,19836.73,8,2
606f3561-1bf1-4d37-9e97-96dc24b734ba,334,9,1725.71,805.35,5,0
5e598135-6a9b-418a-90ee-eb7139ea67dd,400,6,91914.38,55651.15,5,2
fae1dced-6d7a-45d0-92e3-5977729d4410,584,2,20675.01,15047.39,6,0
24e03b2b-e945-4ca0-8b95-555031f316cf,374,3,72700.49,35409.8,1,0
1f936a76-8372-47b1-ad80-ca16860d36f5,474,2,46673.44,2729.18,6,1
aa25ecb3-a46d-4469-8a13-292fd61dbe53,677,8,85018.09,35078.91,6,1
1894a1f7-ae95-46f7-8502-d9ae92299a87,661,4,19069.25,13566.56,3,2
e5aabdd7-e3fd-46f1-b1f0-96076552c539,453,9,19469.97,4286.28,9,1
c8a2f9a2-e242-427f-97ad-0ac4634d5d3d,369,10,3691.74,3222.13,9,1
cfc43ef5-a773-4d95-8cd6-3d9d1edbf9c7,730,1,64119.1,8066.76,5,1
0a248812-7236-4f8e-b21c-f3f8a2008c5d,848,10,7846.0,4404.15,9,2
a5d96e50-c420-4068-8e0b-3d8ec724dcdb,804,2,26530.59,15968.36,8,0
72c1b798-adc5-44f9-893e-67150acf9802,682,6,49560.97,16126.28,9,2
549869ec-6fef-4598-aa55-359d0657f788,549,4,1557.38,1353.77,4,1
9d8b58d1-9df8-4bd2-b156-027e5a0f584b,310,3,56321.55,28919.23,0,1
86e3cb19-706d-4d81-b541-dcc3e41eda1b,357,4,3151.47,263.89,6,2
4e62b258-9b0b-45f2-8ef0-213b108640c7,598,6,58191.08,19440.82,5,1
c821ce93-22b1-4149-b38d-ce1fd36a1a09,300,5,93514.48,51746.03,0,2
f52cff14-038c-4df0-b9f8-2207bd2673ce,650,1,15009.87,12526.81,0,2
1ed9cdb5-d389-42c3-b9b9-422fe25c0d6b,584,6,55632.37,27759.27,6,2
f35883a4-2d44-4c86-aa19-bfcfe0d69f16,492,8,78934.18,52890.61,7,1
aab523b6-a9a3-4fe3-828f-e1c643a599ed,632,2,68537.98,60354.62,5,0
b9d88711-4464-4985-948e-888cde3f72ec,463,2,27895.22,13857.07,7,1
253c0c0c-4ad6-4415-9508-fbfc522de37c,777,5,82468.63,80782.84,1,1
43fb4212-44e0-40bb-be86-e3a2c99f2dfc,344,8,75816.47,32746.26,6,1
f4979e6d-9582-4689-96fe-c8f5d3b17414,489,3,58277.77,38953.25,8,1
283cb418-3254-40a2-bf28-3a47f3a61b5f,740,6,19206.95,13987.31,10,1
f03e360e-f20c-466f-8dde-a990639ca266,366,9,53119.98,663.52,8,2
425be3a2-3abc-4b0f-a76d-290473665f5f,552,9,48544.64,38974.86,2,1
2aa0eb31-cfcd-41f0-a6e5-2277ba56f499,357,4,71689.67,4851.47,3,2
1a201de8-94b7-4857-a617-dc85b2a7a0a1,758,10,8629.13,6775.67,5,1
50c331aa-d70e-418a-be47-413f85af6ba9,723,4,50159.43,34263.65,10,2
3bfdd7dc-6c92-455c-aa9e-0b4dc925e8a8,692,6,97661.52,4620.58,6,1
2207b1c2-fa32-49e3-8921-218d896a99d4,728,7,69489.74,45032.97,5,2
6ee57431-a0e1-448f-b2c6-61ebac0e8fb8,824,8,68221.65,38165.62,2,1
86ad206f-11cd-4288-a31b-7879f27554d8,442,2,93353.05,30030.45,3,1
6ab8d43a-d1c4-4aee-8196-cdfe9aeec62d,609,4,88059.57,28789.49,0,1
a02ddbe3-60df-483c-930e-9456440b665d,336,8,52825.67,466.01,4,0
4cce6573-4556-4abe-83a4-3907566980df,666,9,59586.69,51820.99,9,0
83020c94-f110-4b4b-b3dc-c1ae570f14d9,681,5,86544.64,19247.72,6,0
16137f13-b4a3-4dec-bc61-97b71c4c5778,347,5,33174.39,22495.53,9,1
49eef470-e7e9-4cea-9b38-3568177c3cf6,480,3,18579.83,5087.17,8,2
18674090-4afa-4140-9f3f-1daa2870485a,536,3,60098.69,42377.57,4,2
8b12ff15-43a8-44d7-b7f4-5d721ea3084b,510,2,99513.74,76555.73,3,1
7400affd-3cab-474e-aa3c-64b3d890e2d4,422,8,91314.03,82328.19,0,1
0b51d677-428a-42a9-bdaa-f3138abaaee3,679,2,91880.26,6697.84,4,2
70e07f77-4129-4485-ae75-1a0cf1ea9664,388,4,21087.96,16764.9,10,1
ee163c82-6c9b-4891-b7c9-8f22afa8c00c,680,3,79184.72,51843.45,3,1
aa2f9125-fc26-476c-b3d0-1b793bf2dc95,512,7,39802.15,39092.36,5,1
dd9b9d1a-e941-43a8-a02c-2151be576424,389,10,4045.0,1867.55,8,1
d7a88a46-eb97-4b4c-ad4b-6fe1fb296692,632,5,84053.83,31363.53,6,0
809f95cb-06c5-4276-95bf-101764953830,603,7,79765.1,65846.09,5,0
b3ac58b2-6bb5-4eb9-9f34-2ff4103ba5a3,811,6,45844.07,14017.04,8,1
99ab1e84-8f9b-4e6c-a9f9-8080d5978628,407,5,32491.18,17550.81,4,0
2fc242b4-faaf-4114-93e2-20b8e7d709fc,599,9,59108.0,43970.78,0,0
f0757b69-d1d0-4225-80a6-078e965dce26,422,6,41364.18,28495.5,6,0
9959b86e-162e-4527-93a9-91637a15d05b,514,1,2210.85,769.23,3,0
d48bcefa-669b-49be-b1d8-abd71e0d6484,651,7,51552.23,624.75,8,1
591a511b-9126-4ef6-be9a-da05ca364c40,469,2,80335.27,43710.79,5,2
f64ccaaf-fd07-4fc4-a102-20e9d1e4c9fe,771,10,29152.44,27168.88,2,0
e5e5c0d3-bc20-4f07-8aa7-28762d4bde04,538,3,89471.29,45264.39,4,0
3de8bca3-fed0-4a2b-9151-9f0c781bec78,702,9,53008.54,21607.04,3,0
0f2520bf-64eb-4bfc-9665-f08c707bc739,650,4,23917.49,15853.26,4,1
c06d5e06-8e4f-4ac0-a59c-2f0d63382787,449,4,21031.35,8227.13,9,0
37b19f9c-e8cd-4931-bad6-e62c4d4f5de7,688,1,31455.04,13345.07,4,2
7c06bc35-57e8-4031-9990-952d6fe7afd8,675,6,73002.53,59642.27,6,1
0dea4042-2f9b-46a6-9d9f-1f8b247624a5,407,2,37788.94,5271.89,5,1
6dd87b28-41b6-4988-88e8-a4ce3a7581b5,429,4,53460.29,36533.38,7,2
7fe2530e-4de3-4b16-875c-81c8552a76f7,391,4,19428.26,9468.04,7,0
0e9defc7-166a-4069-a6fd-fc99420a3f33,679,7,73329.46,40425.46,8,0
c468206e-4dd0-49ea-b14d-56dae4e40881,598,1,83982.24,2999.06,4,0
8c3e7f6f-0347-4e32-9b67-6c9fa66704b1,364,5,99740.21,79401.62,9,2
ec77d6fe-a799-49c6-93d7-4b195962f66f,612,3,53766.74,33422.82,8,0
b98df034-616f-468e-a6dd-af39b5bc7504,848,4,99878.3,94892.44,2,1
12b35502-5215-45ba-8e63-ef97590d75bb,389,3,15588.51,1803.19,8,0
82a60fe2-5074-405d-838c-75c3dac8a65e,664,8,28791.7,10083.69,3,1
93dc9a4b-d817-4d15-b329-207b10aad5ce,393,4,71629.27,53085.62,5,1
c9b86e9d-d7f9-4e93-8f36-38840a91f69c,502,1,50755.8,10059.72,6,0
ecc425c5-d3d2-448d-b35d-a999fe42038e,524,9,90581.35,22478.2,2,0
65d648b7-55f0-47f9-b510-ee01d58dd8d1,522,10,38369.68,27636.61,2,0
37a09d2d-2d2a-4137-a54a-1e508af3223e,312,3,63538.22,13856.71,7,2
5fb6da03-20f1-4e7a-abf5-6e7144fc88e8,739,6,3145.63,1196.29,6,2
d3b939e4-9149-47bc-a2f5-f2f100f466c8,388,5,15190.47,11457.86,3,0
0fdef2cc-28fa-45a1-9fbc-5b49e4df939d,447,8,77500.07,49000.03,7,0
42bffdb3-411e-476b-a763-7e7422bf4233,419,8,42848.06,25055.13,3,1
3baa857b-f70d-4807-9442-913ee3077ddd,766,8,79146.55,43198.83,10,1
d1b6e66f-6e7e-48a6-93a2-b3af41b4191a,605,7,6692.49,3589.27,1,1
4d251014-b866-43bd-9bcd-b029023554f1,811,7,98740.85,79832.49,9,0
9648535f-17b9-4ab8-9854-e00850cce47a,815,9,69288.82,36364.25,9,0
f1bddd06-1bfe-46e9-a4b6-d54f61244c7e,324,1,77447.27,25003.55,7,1
55449b0b-3536-4dd4-b3ed-1369ee8c960e,305,10,24170.16,8368.74,8,0
5f4c8b67-15aa-42ba-9df4-fa95b1418c12,312,7,45390.08,30583.91,2,0
3762f3c1-ed03-42e0-970a-2e656a13993b,489,8,95042.42,78889.05,5,1
3d5aa361-835f-4ce6-b1d3-a4d5921976b6,435,3,60951.37,6585.37,3,2
84274999-e03f-4d18-8b60-2c46b569a20e,773,5,84659.83,73387.56,5,1
06ff4dbe-b38c-41df-8a1d-c2feab1fb301,325,6,30631.67,12650.17,4,2
b9340c29-0fe2-4932-b675-820149073c88,483,8,52932.56,38166.18,3,2
6f59f732-a15a-4086-ad63-bd40b5d34ccd,794,1,46695.09,23274.72,4,2
6ea39e28-17c8-400c-8ea2-a5b1e037b772,602,8,9077.19,7319.84,3,2
ca7c120e-2735-4552-91f6-7a5ddedb558f,838,3,51241.35,33488.73,6,2
dbb7796e-1955-4859-82db-9924403db026,584,7,69005.45,49440.14,7,2
89c16e5b-b4cf-4ff5-8603-0b5179adeb86,401,9,30879.04,30825.07,7,1
e14d9976-b2ab-4230-b7e8-ab8ea71cc821,537,7,78716.13,63439.06,10,2
60cfcdb2-9467-4492-924a-c2c6b4833531,801,6,28022.41,14248.15,10,0
11f3a26f-d1af-497a-9ee1-bec72f6ce169,701,3,39571.42,22410.41,5,2
2497250e-0dec-4947-8628-d9dc05cae6e2,711,6,42980.99,42599.7,5,1
a929ab70-c5b4-4f05-89e9-6c17a0d86659,411,1,4489.01,2072.9,9,0
39d4e353-7242-48cb-9bb8-79c089e5f46a,626,9,36771.77,34360.71,2,1
af5a9dc9-7f30-4b15-930d-3cc01e31113b,495,4,62732.91,52474.4,1,0
f8cffea4-109f-4d84-b238-4eb0aa702990,571,6,96249.61,84739.97,1,2
15e386b0-eb7d-4a3c-8a6c-4e478e1d2f6d,568,2,71662.39,16597.4,9,1
f6c83c1b-5233-4512-8b48-e1e72894cb39,569,4,28196.51,13043.23,1,0
4fa442eb-37bf-4c71-90c3-6218858e1845,725,5,81426.24,66950.21,7,0
28267393-5a82-4223-9d01-3379f78ae729,793,8,16579.31,1161.35,3,2
6a44dd7d-7b24-4667-9e95-025f12d8f16f,680,7,80988.45,36764.31,8,0
e6434d8d-6e1a-45a1-baa9-a63ef61e8d5a,448,5,47845.21,29184.52,3,1
7ad88d30-0cd6-4f5a-92ba-3c44bfd6b702,333,9,2546.93,2250.2,0,0
33429ccc-db0b-4f03-931a-560ecdbdb5c9,704,5,99002.7,24211.89,5,2
fcfc94b1-e8c8-4246-a151-3b033a6990e8,764,1,94468.29,87279.15,2,0
2ce5af71-8dd1-44ac-aa32-da6de07fb69b,842,5,57057.72,35916.59,6,2
ea7adaf6-0000-4a33-bedb-74bf366a2db1,364,10,30067.94,23710.16,4,1
262222aa-6a1e-4535-af25-5f9a30faaf39,384,1,25194.27,20947.57,9,0
a5c251cc-71a0-4133-9fc9-869cb790986f,782,1,5608.83,3140.1,9,1
db622745-91e7-4d5c-813a-da518f07bdde,680,4,90246.1,64249.15,9,2
cc58afdd-f6b3-4d07-8626-1f6f74cf6beb,604,8,52891.23,51757.54,4,2
67f95694-c511-45b1-a5f1-2fac500d6aeb,311,10,40608.8,29410.84,2,0
b3a7724b-e79c-44a0-a1b4-4a0f41f10a5f,715,10,28248.52,17285.46,1,1
bff58d17-0182-4748-ad5e-ba485cd8ce18,815,9,72506.73,59552.15,7,1
c9d54243-9252-4fa1-add7-82751a578e36,628,4,99261.67,30795.47,1,2
a8f10446-3645-45d9-b39b-883eb9a2f360,398,7,49165.01,42841.41,0,1
da8831e6-a4c8-4876-a59b-ac5c4570243b,309,1,44374.96,31177.28,0,1
5c046bca-f8e6-4bf1-ac6b-9a50de9a15bd,373,3,79656.41,56377.32,8,2
b9523b01-c2a0-4049-9e66-8a301cad72b7,657,7,87611.65,53739.23,8,1
0dd6563a-2fbc-4785-92ca-c6e05b8880c9,695,3,53522.13,19037.58,8,2
2a312a53-5b3a-4746-8d2a-873e3a7ad743,406,3,21005.91,14370.74,5,0
807a121c-b2bd-431c-9888-9c680f5d2809,547,9,55511.72,35825.5,10,1
a5d471bd-3c91-4a24-8acd-2886dfc2f6d6,464,3,67338.37,17830.17,2,1
7155c990-3c12-40bc-b608-1972f753e5fa,765,9,69268.75,29977.02,10,0
8ea776fd-a88e-432e-bf1d-11dae1767b98,326,3,9908.74,6936.76,6,2
bdc6bd06-643d-4085-894d-9a1768041159,733,5,64844.1,63456.46,3,1
ad379c27-3c3b-49d2-8a12-7693ecd77172,632,7,12836.45,11326.71,5,0
05ef79ff-6dfe-48e7-99d4-c59b63c7adb5,797,8,15996.1,4040.97,9,1
a940ba6a-773f-4946-8f23-00278c1d98de,530,4,24883.69,1956.89,3,1
e9b1958f-693b-416f-8731-f00ef82a292f,832,8,68490.18,15694.91,2,1
c6a54c6d-1605-41d3-b61e-34a75da159e2,797,9,73570.27,1940.51,4,0
d8e782d3-7d07-4e40-8165-2600cf023c3e,678,4,4316.13,2384.93,0,0
dadef79b-87d4-4987-bf6e-f14c54635a80,367,8,87881.13,22322.34,4,0
310607df-6021-418a-9c91-fe5cb500e6f3,642,1,69912.45,32655.07,1,2
057a3954-9b82-49f6-bc3f-f230dea81078,588,2,80464.21,75391.48,8,1
83eae916-3fac-419f-ab80-92e39dd728a2,421,1,69488.3,28903.41,1,1
3ac4ce6d-4627-48bd-9906-5691318e2d71,397,9,71224.5,2230.93,8,1
f6a435f5-7595-4fe4-b6ad-8a41975fbea2,513,4,51256.51,25967.19,2,0
00515c11-12c1-425f-8f38-41d30d8bae01,517,4,79521.37,34300.17,3,2
f38ba18f-7d01-4c8f-ada5-4e72b91d0225,551,7,7059.95,6620.07,7,0
58d4e626-b9ce-4b13-b35f-b117d60cdc44,715,9,6427.85,3381.39,6,1
63508ab5-d2c7-4d8b-9d5c-433391abff12,445,2,93695.82,6017.71,2,2
a231078d-6874-42be-b028-47cd55ed2e91,753,4,99520.64,44247.2,2,2
c36ad781-7dc8-4a0d-99b5-a20f7f84ede5,532,4,30258.93,18301.31,9,2
c9cb5171-be7c-47d7-a830-b1c7ce63da96,804,10,23267.78,2710.48,9,1
e8de5a4a-78d8-41eb-afde-816b5168fe69,619,2,14467.91,12277.67,0,1
54761240-031e-4202-95c4-d7058b7c50f4,799,3,29316.39,16776.43,4,1
8cc5d763-1dfe-4683-a9ec-2136bd3da46d,498,5,55231.13,37549.16,7,2
f0a2fac1-fe20-4b69-9d5c-731302f03587,330,7,19963.74,14984.96,10,1
0dccae07-3619-4b2d-8d7a-797f8cdc6bb0,404,3,37455.71,20989.59,5,2
31048950-d1b8-4ddb-894b-090daa495bee,675,6,51287.56,327.22,4,1
5253b949-34cd-4966-ae04-c04d6d869aec,645,10,91944.99,39091.22,4,2
fe2033ba-877b-427d-9601-46a888be93c9,644,4,7813.19,5703.39,7,1
37946780-6db7-417d-a610-8c5c4e5ffd84,517,10,60798.94,4373.08,7,0
55fae618-2480-486b-ab62-dbcac0f66af8,515,8,56027.1,52828.42,2,1
abfe9ad1-1f6d-4eb1-9279-8e3f10188be8,498,7,65960.51,13427.38,10,0
2eb21301-1634-4c40-be1f-67a307cf9e50,733,5,39763.17,2712.58,1,2
176a9d3f-00df-4778-8f0c-3ee2d210ce32,556,9,70129.06,52742.13,0,1
40fefd5e-0f94-40b9-9854-a5725380c0c2,438,10,70473.09,12691.34,8,2
651e8cf4-e051-458f-8cc9-7874d94738a8,468,4,13576.08,12374.68,7,0
24abfce8-1c37-49ce-8f63-404f4728fd02,834,7,59789.31,31019.5,10,1
cb43acc6-d143-4ff3-a1fe-4b40c1fb8f0c,837,10,71536.55,60619.81,0,2
8bfa10d4-3f12-4194-af37-7ab1def9f87b,849,3,41487.1,6485.95,5,1
76c637ac-ddef-4d0c-8caa-e8dcebbc1ef5,404,7,84514.92,63940.83,9,1
dd20def1-e728-4c9e-9bde-14110d08e318,839,3,41209.37,23164.04,7,0
e3d24c36-8c63-4f01-b1f4-c15f20795e56,827,6,8841.24,596.55,10,2
c7bfd575-db09-403c-b226-51290f99a3ab,694,6,44905.3,15013.54,0,1
d90a1bac-4464-417e-b479-9785f5edd885,612,8,34429.88,17973.98,10,1
2b120ba6-e0ab-4beb-a189-dc239ea140d8,756,1,20165.45,10754.07,2,0
aa13efa5-7558-4899-8bab-a81e2a566d1f,318,9,62286.03,23689.5,7,2
67aec5d4-3bb8-4423-a5d3-efb8b05d5889,528,2,47870.79,1138.84,2,0
8325eedb-7ee4-4cf0-b27f-05603e2439b9,522,2,15589.4,5512.49,3,0
6909e2ad-68d1-4833-a006-fe689f9440c2,696,8,40246.06,24279.27,5,1
cc989edc-8f69-48b0-901d-0aa38eb310a7,331,1,28875.87,6915.13,8,1
713f0461-044b-46d0-a066-1118bf18e635,359,4,18918.62,727.8,9,1
95785fdf-ab97-415d-8d3d-4f2b323091da,456,4,42235.39,15501.65,10,0
b3a861ef-95e4-49e0-ae19-58974d9f275d,780,8,64416.98,25355.25,1,0
0349a418-539f-481d-8d43-5efc7722bd0d,385,5,23133.97,15032.82,1,0
e1d3403b-039c-4e24-91b0-11774ec82e2a,335,5,15090.22,5285.08,0,1
f69b3b5a-db47-4c4e-b6d6-6a2bd51ff464,400,6,49427.88,15248.55,1,1
83bece41-b728-4bff-91cf-3b0bcfc46593,370,2,35218.97,32031.34,6,0
fb2579d8-f2a6-4cf5-b4a4-6429d2d67082,314,9,29148.12,28331.33,10,0
da5cf0f6-7318-48b9-8abe-13268efa4527,302,5,97139.86,28114.81,1,1
77a7f122-08b5-4e24-9613-5b0bd40b9bea,783,6,30020.95,19217.04,0,2
2a52286b-c2bb-4920-9a36-ea30c4e4978f,583,5,39478.17,26605.88,8,2
b7cbfc1f-df28-4bec-8465-fcb285cd80da,363,10,25764.8,9709.26,5,1
b47d74b3-109f-40da-97e5-6f6aebb7c8a6,413,2,39786.29,11744.33,3,2
ede58431-d67a-4f16-8e96-7458f52635c7,318,4,37528.98,18821.78,10,2
21d3503e-7bbd-4894-bc0d-78575446d8a5,601,9,43910.57,207.01,0,2
71464a44-2921-45fa-af0f-14f1d976ee76,402,5,22082.01,3240.67,3,0
f48413b0-0d69-485d-bdf4-01cdfdd6a7a6,404,8,7361.31,6223.94,7,0
6310e789-0ad7-4886-92f1-aa9b63052382,343,1,49599.95,4393.42,10,1
f8c36ba2-70cd-4a8d-8c7a-eb52f4180132,543,5,98053.03,92778.56,3,2
86d9c5b7-e52a-4082-bb04-bb11c66d3e2e,581,5,19288.88,18383.69,7,1
0ae13033-4616-4325-91e6-265246abf415,410,2,29349.54,7422.12,4,2
6cfc84f5-7045-4e27-abd5-fb13a69a4e15,391,4,58155.96,3947.06,9,2
0e442463-cec3-464c-b54f-ec6d44296f69,304,3,42137.27,21551.2,8,0
167f50ac-fb88-45e6-8198-c9cbfd640d59,576,5,85393.86,17731.0,0,0
65362a11-9738-433f-a707-1f905f3f8b72,437,6,75404.57,59050.12,0,0
b5620202-3310-4524-8769-a70730253e8e,414,1,36285.47,9708.07,6,0
ab945125-e801-4d90-a468-0674c7c1ba26,803,6,63009.79,59870.76,5,0
681c73ac-c73c-475f-b187-8a1b33ed1edb,502,1,69658.49,69127.42,4,1
f351e2ef-09c3-4ee0-8c68-20b26d249b45,737,1,15320.83,15023.9,0,0
0f6a47db-2a2b-4220-931f-797c20f49381,445,2,36872.97,34024.58,2,2
b1bf88ea-01e9-41d2-9f91-3e9f78bfff87,535,9,3638.28,1473.45,7,1
82e6aec6-30dc-479b-80fe-77dcc890a9fe,831,9,63644.39,49290.45,7,1
a87f14c3-434d-4e10-b28c-e56bf9565598,460,8,61393.8,56046.33,8,2
3502c137-3918-49f6-8824-3dd4cfe6780d,543,9,6954.65,4344.22,1,0
ac3d8fa8-bce7-4e91-a889-0c181edb5bef,725,3,98708.67,19427.1,1,0
0e4f2af1-6cd2-416d-b4ae-0d26aa42f9a6,471,3,90305.9,75738.47,10,0
cfc6e440-b279-496d-b2b7-c78639c7cd83,578,10,19818.49,19653.24,6,2
136f59b5-0dae-4a3e-acb4-a3322ab39f2d,303,10,51982.67,21460.67,9,1
d06f115d-20b1-4cc6-8052-776df2de01c5,843,1,21506.7,8389.08,4,2
7da36436-c150-46c0-aa5f-3aadc90dca44,387,5,51812.12,37771.02,0,2
e2e4067c-60d5-4b15-a82a-3650e72c5432,624,10,91032.54,64130.14,5,0
ef6023dc-9f74-43f2-9957-c7105d276407,716,8,16680.91,2602.05,1,2
759bb990-02bb-49f6-ad81-9cd21cba4d83,721,8,28858.24,6614.86,3,2
665e65bf-98de-451b-8db6-2f6cbeb5a920,724,5,81481.64,57483.91,7,1
4d5b8d86-5f2d-4227-8223-3bba6991144b,359,2,46896.28,27781.48,5,0
8286ea5e-4766-4111-96c6-68c4f4eeb692,485,4,72962.82,11705.29,9,0
dde1e4f7-e9eb-4d4b-a21c-5d4153464efd,329,5,75784.8,4623.99,8,0
40ef33a0-8aef-4857-8147-3e2daf25060e,456,6,28535.31,13341.83,1,2
d1fa4a18-24e3-405e-83b8-ffdc4ddbb50d,559,4,99096.86,30874.58,0,1
55e31ad6-3e35-4384-8517-179e6a264471,660,9,2761.56,929.96,2,2
1723de9b-f20c-464b-b566-af20c365bc00,686,6,71024.3,27678.51,0,2
06380215-723d-47df-8671-3b421e0fc726,732,6,66772.37,51851.09,4,0
32e9298a-4e30-4075-93b6-8bcf06ffb7c0,784,2,91212.7,78274.68,1,0
5899ce41-2cad-45bc-aa28-3bdeb67de975,333,4,7103.09,3067.09,5,2
cd8b1fbd-71b6-481b-b2b6-63199a094ec5,301,3,51230.92,954.93,7,0
9ef121a0-1e69-4375-a574-cd50917badc7,697,9,64838.06,211.61,7,1
be894f1b-ba55-49aa-8909-c84d8fa4e90a,311,2,17480.86,6596.65,8,1
c9265434-aac9-45a7-9c8b-d1b57f595956,778,1,69539.88,56355.65,9,0
df8d30a2-8dde-4237-b1c7-0c1e3c98cc02,635,7,54904.71,8051.81,5,1
7080c305-efac-4a41-b524-9bd20934bb3e,800,9,24543.47,14809.32,10,2
9db332ee-e064-40c0-9105-df1e584e84ce,538,7,51547.6,21665.36,3,2
9c3dd918-0915-47ef-90ff-adf57fa46df9,502,4,3773.13,196.89,3,1
c92a656d-b4f0-4d96-a594-13891d7879a5,702,9,69319.68,10654.11,5,0
f92097b9-a2d1-436c-9ad3-8f41f12fc00b,829,7,18790.46,6243.5,6,0
67e2c2fb-6cd9-4aaa-9ffb-2e05704ed007,314,1,69469.54,17613.18,8,2
9b47a689-35c6-431e-bbf5-7af6270d4ff8,692,2,61822.3,56706.58,7,2
1076d12e-a747-4219-aa27-313f0a07075e,632,5,97610.86,4315.54,1,2
f0f58b92-eca5-41c8-851d-98ee434e9823,748,10,50650.06,26467.4,3,2
c3828001-fac3-4bc4-bf2b-3290a26bd739,325,10,86850.12,66970.82,2,1
83bc775d-2657-44a7-ba60-af8f7529e610,786,7,26679.48,26522.15,0,2
637f9204-3e15-41e2-9513-f60b92ffbe4f,506,2,88088.09,79411.13,1,1
d4f75e50-2041-4f5b-8171-d2aed0d94a60,830,9,62694.91,18584.58,7,1
9bd6892f-62ad-451f-a8c0-a518daa6b075,417,4,39474.66,35954.49,6,1
7d29ee07-862c-4236-808c-98420c507e9f,366,2,26891.57,10133.57,1,2
99a02fd3-d723-4f9d-afdd-f361e098104e,648,9,8543.75,4717.24,8,2
f2526cfe-dd7b-4b9a-9978-e0a074bcca69,771,8,40812.45,15114.61,0,0
bcd3320c-78ff-4218-9b6e-06d2d0131882,383,2,94934.1,76105.92,6,1
65379dfc-6097-4e5a-86ac-92b2a0b8bc6f,590,6,57532.74,39877.05,2,0
995ee607-483e-4daf-a188-841a091c71d4,425,7,60334.07,38997.9,8,0
1aadd7d2-33ee-4de9-b326-938a02692e65,844,6,82180.38,79906.11,6,2
17b85886-78ea-44f0-a036-257e8c1d489a,425,2,40517.27,29375.44,8,2
416b61c3-04cb-4965-a0e4-d9e11e19859f,324,4,19140.49,18505.88,0,2
fdd94183-5915-444c-a0ea-a9dd0ee2bb88,735,5,27488.13,11595.66,9,1
ee191c33-fc18-433f-86b7-69a0f82415bc,509,5,59134.68,10879.66,9,2
4a54883a-d207-4a90-ac18-ddbb5e809449,657,3,50295.96,49062.14,0,2
68ec0f5a-23cd-4361-a3f5-c2c8b6b35657,376,4,64572.34,21542.52,0,1
d755beff-5848-4272-8096-5dbd2c0cb4cf,341,5,96019.72,40030.54,10,0
aa03c170-21b7-4963-a8bb-9db6cfc9a28a,728,2,34515.06,27259.32,2,2
801ecac8-a211-4041-9293-e041ce82b9d8,431,2,44179.24,25698.83,9,0
2934f0d1-e36f-4854-ba66-36105f04d99c,664,1,37820.62,36638.62,5,1
be6197b3-0615-4d33-a7bd-aa21f438961d,404,3,77585.55,65707.8,6,1
751a03e2-ad8d-4184-88f5-d4a163b09c30,319,9,22418.46,7303.19,9,0
43d79ed6-0a03-410b-86e9-dcf3a5b6cb79,743,5,40522.05,19922.51,9,2
955a23e7-110b-4505-9580-984757231fad,568,6,17683.5,8717.55,9,2
dfce183d-5da5-4742-9df1-7f25531aa8c9,603,10,84617.74,66492.82,7,1
03c0a999-98dd-42d7-a10b-ca81313aa28d,791,4,76508.75,24507.24,1,1
04f16337-4610-4555-89f8-61ae3d2c7583,726,4,99587.08,61455.77,10,1
d0572ac1-d3ee-4830-a0f5-2713b2f65f74,709,5,19225.51,18534.48,2,2
ed11be57-eb81-43f4-b07c-2c8a089b5a33,746,6,85253.1,42342.06,9,0
b8a70fb8-8cbf-4931-8d19-f386a07becf4,502,9,74447.9,37418.76,1,2
ef711be3-c577-4fb6-bbbf-63da8ba61006,772,6,9584.47,7031.27,9,2
db9989f6-a0e4-483e-9f9c-ddbe938a7e89,601,5,48654.63,2285.31,10,1
33ce92c0-6266-4893-8b16-6cefdda5799d,611,9,9978.81,4060.02,6,1
5e34270c-2c92-4f01-9dfb-b4814301f070,399,3,31250.24,16265.87,6,0
05b2d772-318f-484b-bccc-ec1a1246cf58,363,9,21529.97,11568.28,6,1
40433099-3fda-4a87-8374-0699f72083d3,484,2,68708.59,51127.79,8,0
636fa7c0-49e3-48b8-9c95-d1c4466a9007,792,8,27740.83,351.61,3,1
54e76ee3-b338-4be3-ab37-12d1bf079055,403,4,5282.7,2749.53,7,2
752390f8-945b-424c-8fec-fcbc808db90f,611,2,20612.11,9624.57,8,1
edfc4fb1-32ed-42c9-a8c6-a0d23ca5b966,551,10,80048.07,65923.53,10,0
77eed818-bfd8-4453-b3fe-f931d22f1113,544,3,99495.94,40537.46,2,2
dd9b07e8-25db-4925-bf99-9bdd3183124f,435,10,52765.53,32824.87,9,2
f5342af1-8e72-4917-a7dc-df4344c14e2f,312,7,85011.33,3559.05,10,1
15b01670-77a5-4e34-8b14-69b8fa504ce0,591,3,76561.0,45829.82,3,1
7a04e05f-982d-49f9-9f4a-98a09cb3be35,716,9,68749.9,54329.62,2,2
723e2615-3b37-4f3e-b4e3-2cb894fc1eab,529,5,23219.9,21183.32,3,0
cac3bbd7-bedc-4000-aae7-49aa872be64c,789,2,99227.78,77967.42,10,1
e7a4344f-a33c-485c-9f7a-ec9aa8fccbf1,531,4,86367.72,29776.1,2,0
c8dc3901-c132-4373-b9db-1e79eb1bc588,326,3,85360.3,21571.14,6,0
e53f365f-cdae-4ee3-a96d-a385fc8d3f04,676,3,37605.2,3504.13,0,1
3d89d7c5-d310-40ff-9dcf-d09c8acaa18d,465,8,73825.16,61852.26,6,1
b3c1a289-43b5-4f0b-8524-735483e54e9b,806,9,19359.56,88.24,1,1
6e197548-a195-462a-a8a4-bf82048bd527,711,5,70390.97,70047.27,10,1
cf1083c5-c177-46e6-a804-349333cd33e0,729,6,80800.73,9494.19,8,2
e0ffdde1-516e-4c89-a3c1-2aff4b51878c,765,10,53978.53,34533.55,6,1
56f2a615-3c80-4172-8640-bc026be3bb87,472,8,11408.04,4925.09,1,0
40a057af-e4e3-4706-9632-3810dc216e93,834,4,25002.23,20227.55,10,0
53043c82-9054-4e46-81f7-3fa1657cfe1a,620,9,89057.06,12761.28,7,2
d740cf02-2002-4e27-bb29-4e28663103e4,491,8,43338.74,38591.35,6,2
797e11de-0a13-46da-b155-f3c05a5bde64,834,3,96169.67,91956.61,10,0
9c5ee3e0-162c-4428-81d7-9dc3ee52dfd8,823,10,79697.58,66419.05,2,0
2dda5915-c946-4a9e-9d5a-8f02818724ca,704,1,92081.4,72840.85,2,1
1d364e38-c8d6-42fa-8469-68bd90b30d3e,472,5,54244.4,26126.36,4,0
d20949f4-af38-4ed4-ad66-2938f635d2df,639,8,86823.6,3914.66,5,0
77124a1b-0217-441e-b04a-92df3b9c6d46,574,10,8856.21,6255.75,2,2
7be047c1-caf1-4cb7-8a8b-5cd212974c96,516,2,53182.51,1110.98,2,0
663b9ef0-12ae-4735-a672-f3c0294cc390,321,4,54371.97,5907.5,0,2
0a217987-79ff-4f8d-ac57-5829ad73a03b,487,4,50741.32,38031.8,10,0
d7af3846-aa71-400e-8bd8-31b7ddbc4669,478,5,47557.93,39660.42,4,2
2bb0bbb8-1d10-4b33-b9d1-4654d8d8349c,700,4,18186.31,2080.52,9,1
25bc2fff-03c4-4c74-8e59-e166baa61e3a,307,10,5374.16,1539.77,2,0
7bc88138-bb2b-4306-b6e9-47adc1aae7a5,449,8,6938.25,1925.08,1,1
2a158b77-436b-4f4b-833c-5ab9131c0769,471,3,37576.55,5658.12,4,1
22a744ce-eabf-4ace-a746-173e9536f090,686,5,22646.15,20670.41,2,0
c2127591-2eda-43b1-8316-8ae1f45e7de1,381,3,22678.32,15401.67,5,0
86942d46-ec16-4739-804e-0fb396baf58c,489,4,96021.6,72324.68,3,1
b66cde54-654b-4cde-b1ff-734d3b74ba7e,537,3,60148.85,728.16,8,2
acd0a0fe-b591-45c5-ba1b-fcb4a9fcf091,381,7,53867.28,10999.92,6,0
ab821edd-98b1-4916-ab76-39b7ec6b17e3,826,9,90321.94,16843.74,2,0
e51ed0c0-4498-4b55-835c-6ff5ffaf2ce3,607,5,81776.56,16939.36,7,0
bb16498c-de1c-4a86-b27a-b0f4f7425aa1,304,6,10465.26,10357.65,10,0
e273b0b2-e5f7-45f0-aed9-93dd1d421aea,787,3,36745.13,32448.6,9,2
50110b26-5118-4311-878d-d5874ede603b,322,2,82457.59,57854.45,8,0
ad32b9f4-68f5-409c-8578-43b29a7ec837,425,1,6650.03,891.11,6,1
f79bb3f4-b02b-42d4-aee2-1dd082c26d09,683,9,81048.39,37711.69,6,2
8fa09320-083b-4cc1-b9ad-2915474c48b1,795,8,50556.07,26435.97,10,2
965f7179-3006-4d9b-9628-473ffc2f43e4,388,7,49261.83,23690.53,4,2
b751d470-b997-4eb3-8b38-510a5dc32265,686,10,7642.99,7027.74,8,1
b43a7da7-e36e-4727-861c-62ca2ab4d58c,724,3,10612.72,6284.72,10,1
8a5ad5d0-d94c-46c9-b048-bae079bef46a,378,2,86815.42,27560.2,10,2
ff59a7cd-017e-4b82-862e-846b3f871a10,682,4,50368.25,46743.77,6,0
04edf790-8c5b-4d84-a7a2-d011d69782f1,331,9,22324.01,6649.53,9,0
0cffcfce-f582-46cd-827f-4c22b14ff3bd,653,2,35030.68,6973.42,9,1
de4de663-332f-4c95-9b19-e0645cb3b74d,743,3,86060.59,73627.79,0,2
883a5c91-b1d9-4e87-a449-6cf6048854bb,709,10,67145.66,9351.77,5,0
118e60ee-d781-4a57-96f6-f82515f93848,770,1,19956.45,11512.4,3,1
44f138ff-3fbb-4644-8623-ea2efa2f65cc,311,6,71588.32,63654.87,6,1
a3d02fbe-d86d-4066-b6fe-579eb44e0af2,568,8,15431.79,13130.18,7,2
e4cd0f9d-392d-4b6a-8282-cd9f639a411b,739,5,8840.32,8.86,8,1
3b2bccf7-78a2-4760-8a33-1b1d988ececc,685,3,9982.43,7008.3,4,2
b42a9ac7-df6d-4e78-a8ad-52193b0a0c9e,318,10,38587.31,9697.15,10,1
c559d168-dc24-4bc0-9505-961e6a6bbc26,706,1,39671.85,15603.26,4,2
c1b9501c-45db-486a-bfd1-9a58c372de65,768,8,24168.28,19696.94,1,1
15bfe2a1-1d06-4435-a441-967f6029ce31,736,5,4140.17,1663.72,5,2
b91315ce-c29f-4b53-a2b7-3981e2e153c2,647,5,93881.39,68590.88,0,0
275ab041-3d2c-4d5c-8d96-29780ebf7248,345,10,44236.0,16363.59,5,0
578746ac-6c5d-463a-9f4a-d48a3dabb944,353,8,63012.9,48896.28,1,0
95d7164b-b900-4d29-b863-bcb37742a47f,426,10,71226.57,27891.43,5,2
8e23d0dd-6625-4e8d-9d1a-442fbf18fe3f,733,10,99668.45,76620.59,10,0
33e7707b-2164-4ab9-859d-1f2f84c97a61,412,4,64845.88,36792.41,6,0
460a6e82-e816-4677-9c64-7a1a26601285,755,2,41797.26,6954.01,2,2
04978ab4-836f-4dd8-9487-7f68bf111e26,474,6,23501.56,22215.61,0,1
3da77b21-956b-4f35-a4e3-8fe6c996c525,333,10,64002.96,24481.33,4,1
3c2f0ef3-b388-4e12-85c3-508cd590ffa1,557,7,34238.34,8675.27,8,0
5cb3a85d-fd87-441c-abcf-8ae9a0774d79,307,6,89527.73,55896.06,5,1
e790b05f-1d43-4491-84a6-569121c547a6,653,6,46382.19,33284.4,7,0
1f7f6b9d-4b9e-4e41-b5f7-36482eea5897,507,2,27316.34,12705.07,0,1
b9cd3442-50f2-4a5c-b5e5-62b7ddbb56b6,621,10,62402.89,47308.35,2,0
2d551b5f-d057-45e5-b210-a657709e6c3c,544,2,84794.94,69802.55,5,1
cf55e1f3-0c6e-4f85-a1bb-dd176a335bd5,751,6,66700.45,41037.69,7,0
5c83b0e5-4b1a-47d8-b5be-8b32635fab67,572,2,68999.98,11764.41,4,1
ef16f28d-7fdf-47c7-83f4-602bee40528f,839,9,38035.9,22447.77,9,2
3f190c47-5749-4d47-9f35-e11f3fb189de,699,5,16471.6,1943.49,1,0
44ab49d8-908f-435c-bb81-a5592cac4420,658,4,50305.18,14669.62,5,2
043f5e54-1005-4c20-bd57-7e45c0d93693,361,8,32384.52,29554.38,1,0
60f296c4-72bb-4cf5-aca3-608f60f7933e,537,6,5455.39,3562.84,7,1
e6f5692b-7912-4262-8024-ca5bbb88333d,788,10,4568.53,4328.89,4,0
2f1d7e48-0851-4426-b0e7-761ae9a7b163,723,9,79938.07,42736.61,9,1
91d93b8c-8f10-4c39-bfdf-c3840f41fe64,587,10,61560.25,33758.95,10,2
7cdfa0a4-37cf-4695-a7c5-f8b568e8e0b8,542,7,60189.03,36485.68,4,0
8873a342-ebfa-4d63-9957-085eac9c12dc,582,2,83435.36,36105.23,10,0
d1287f36-b7f0-45a0-b0de-627182992260,648,5,80083.05,73720.13,1,2
706e686d-7786-4ee2-86ef-6d13e044b98b,676,9,71915.5,52477.43,6,0
72458533-ffb7-4b6c-8938-721a188ce1bf,391,1,51293.4,45253.67,9,2
3529020e-b957-4ada-81af-d554952fa0ab,419,4,99159.65,6568.09,7,1
390aa0b0-dbf4-4c8e-a80f-e090db266764,792,3,8338.06,3593.82,8,2
ce17b00c-19e6-4ef3-b3fa-4a58ec8b593f,565,10,61057.81,53114.99,1,1
73b2f801-2fca-462b-9605-cf40c804209d,407,8,59055.13,18037.09,9,0
80f49eb7-c07c-431a-9ea4-853da8866356,548,7,40213.45,40116.34,9,2
f0019ea4-a7ec-4f10-97ba-bf3940aa7ba2,677,1,28091.94,25304.07,10,1
0299a0c9-ebcb-48cb-adee-31079d84d58b,787,10,57509.28,48722.26,1,1
32ee9510-11b0-4021-b9c5-42d03c4fdf58,348,7,11912.62,6586.21,2,1
a5244f87-0719-45d2-99d4-4fa1f9daef14,385,8,98044.88,23342.73,7,1
c1ae8e6c-53b6-4eec-be2e-c6dd2649ef09,565,9,73135.9,25408.86,9,1
436e7f5c-541b-4304-963a-3f956849db55,359,7,7496.94,2327.85,9,1
aef45abc-b574-4057-bc8a-ed9032ff17c3,679,5,88738.79,37660.24,0,2
acacc5f5-f264-4772-bd35-9a4b5e8f855b,343,7,41057.09,14240.45,7,2
e9095a4e-297e-4188-9d34-73ff1c7ffd26,690,5,90574.9,49819.61,9,1
990b58a8-f5d8-4112-8216-a09b7929028d,338,2,18728.37,18661.42,5,1
9e746dad-4134-41e4-9845-2e11b1c33ecb,440,10,32174.17,7663.64,10,0
182e1df0-ed4c-44d7-8c34-b0268335e40d,826,9,97644.63,93425.26,8,2
6333371e-8bec-4eee-8806-54fc0b6e53ff,784,4,37198.78,22139.34,9,0
9312ee39-44fa-4b43-ab0e-b475dd9fab42,580,3,71944.34,51925.37,1,0
b4296a32-7a95-4683-868c-a7b91eff71cc,538,4,31232.77,15947.94,1,1
bed38955-f726-4ab1-9b3c-363e88288019,793,9,10492.88,4969.24,2,1
f909528d-af27-4788-bcc4-72ca584e6757,427,8,71336.31,58856.35,8,1
6d6e3a03-9598-44ec-bff3-c0363c49581f,706,3,14067.57,5503.43,7,0
f2383d2a-5ff8-49cb-aaf7-a07e60bfac95,514,6,48884.8,34370.23,10,1
ff12c807-56bf-43ec-9f17-1469d073745d,453,10,56209.44,5536.43,9,0
c98871fd-9f17-4072-9347-c9955d06fc83,739,5,10843.98,3925.82,4,2
acf1f5d4-ccec-4993-9f46-c1ef8feb1540,304,2,18346.37,18208.68,9,1
609ede13-42b8-4548-8f7a-a0620eec8893,469,7,57855.43,53993.06,9,2
c211d672-d0fe-4aae-86b2-4843950c2ece,750,5,32207.43,9296.86,8,1
daaed31b-3719-4ba2-8c33-e44dfa7355ff,629,1,51719.08,28190.44,0,1
2df80fdb-d4ce-4cf4-81ad-e6ec500d594d,311,2,47500.63,19196.41,9,1
103ec5fd-310c-44c4-80fe-7d1d5ba8662d,627,2,33616.22,6758.71,4,2
0b38e1b6-ff13-4425-bfae-2784b83ee954,504,4,58863.73,57609.41,5,1
369e1556-50a7-4070-bbc1-12a33b9fecba,798,3,10259.43,6696.24,1,2
b37eea1a-3771-4119-a002-4e3a7605ce10,570,4,35792.83,12982.31,1,0
3f9a4f24-948c-45da-8c17-c38b0fd23ccc,762,7,10668.67,152.86,3,1
1ad402f5-9603-4c67-8632-c5c3131c26ab,303,2,84361.69,41415.13,2,0
f91f84f8-ad13-4b08-8cd8-df9af9a3014c,728,8,20656.29,12998.82,2,0
dd518f9f-d11f-42fe-8dd5-182ae8ab05aa,695,3,71746.42,15383.5,6,0
c3ff3fed-a73b-4a9a-900c-2496cacef809,330,2,50672.74,9430.57,8,1
5203052c-e468-4a8c-9d24-d1e17c7da499,474,3,60325.11,56083.73,8,2
d5f92f2a-175b-49db-a617-05eb3ec28560,322,2,42340.92,41859.58,2,0
a3530181-5787-4039-a443-af571f1bab1f,640,4,72211.01,52416.91,8,0
38152913-18bd-4ff8-80c5-b4448087b9b4,372,3,17803.6,5996.83,1,2
c267355d-8dcc-49f7-9d36-b7b6be6e92b6,744,4,53497.41,13120.61,0,2
264d5254-77c4-4b34-abf7-6274db053001,340,4,81504.34,64383.2,6,0
a28373b3-d417-4cca-87ae-20238907fef9,449,10,9101.58,8429.16,9,2
f57a3ee9-5a87-487d-a8a8-f133a043d7fc,648,4,90453.86,53839.9,3,0
1b6adf9e-409f-4cc0-ba07-a20e746e8cb2,783,7,69521.48,17885.94,8,2
62fde459-8a4e-4cdd-86c6-513c8082fbb1,746,7,5136.33,1527.0,1,0
e6ba1edb-cabe-45c7-8236-4c3766dfac63,372,9,15074.42,9509.32,9,1
f26b7098-ded2-4e1d-9148-b5abbdcace28,667,3,25409.09,11751.55,9,2
96c934ef-ebfa-46e2-bfe7-ab9b68fc68a6,539,4,79093.1,21442.28,5,0
d5b38a36-7619-4c93-b4f8-277b4fba3134,592,3,21427.47,6193.38,6,0
df7ddd89-78de-43b9-8840-55df0a6f3a00,315,1,64688.35,33904.29,9,1
7490f657-64b6-47de-b32f-e295b5dd3d9e,738,3,99559.09,38323.28,6,2
8ff14066-069a-4aa9-a84e-defb706c5310,339,4,60558.17,46183.82,0,1
3739c89f-76c5-4f0d-ab16-b04490afa401,561,1,33269.83,8840.06,5,0
bcceab84-51fd-4d2e-8630-2c3605166ff9,838,2,59540.29,35529.28,6,1
9c4141c9-b066-4cde-a0c1-9427e9513962,815,6,97495.04,76791.93,8,1
f1a6b999-a5ae-42e3-844a-ea6ed78dea52,676,8,55685.8,24053.6,2,0
8f7fa779-eba7-4de6-a231-b1b7a7a32503,570,3,8917.99,4659.3,7,1
5f67fc52-726c-4ecb-9a2b-ae081fdf0791,572,7,51191.2,49244.9,0,2
61ea632d-ea53-4da2-a26b-f3f1fa58dcb5,675,4,76644.43,29270.16,3,0
31227c7e-905a-4643-887c-6dc5ae940b79,418,1,42594.54,28101.66,2,2
4f1d3e1a-ff12-4151-be66-69042ba9b033,694,9,36575.23,23484.26,9,1
46bdcb2b-20df-4404-863e-328c92014ed6,767,10,4361.19,740.42,7,2
2f15cf0d-b4ce-41c4-96fb-34a0cc85d9d1,620,2,72755.86,15905.09,6,1
db1c93d7-eef3-4b7e-ad2f-f65e8e3b41de,802,7,64026.93,56988.51,3,2
5add7474-df87-416f-8a24-23c8de63c0ac,623,1,10353.49,6662.27,5,0
3f02719e-c3ea-429b-8fb4-de60b24b6c4d,579,1,31196.62,28545.91,5,2
42ae9c79-70f5-49a8-ad48-49a6d77b4bc3,538,5,46289.37,34971.14,10,1
575f0765-9908-4579-b102-6b7d241164f2,819,9,8056.37,138.51,6,0
5ace512f-4a6e-4daa-85f7-44c10aa0cc72,803,4,17024.97,3219.26,10,2
3a4f0740-5d05-472c-b1aa-b0599165618f,562,9,92902.73,7935.31,3,0
b8f218b8-df7e-47f8-af73-27404b515781,620,2,17267.79,3450.55,7,1
cb0bc48c-b0a9-4302-a86b-da7b66d67ca2,417,5,46929.48,30451.32,6,1
e911fa62-ee26-4846-940d-df10db65f7ab,416,3,68382.67,17399.1,5,1
eb456eb3-37c5-4e2c-8d3f-237bdef7fcda,676,6,73000.25,15556.86,5,1
44e36b0e-0f0a-4896-8f29-873e604d9f55,598,6,59765.67,39373.96,5,1
774133e6-e9f2-473d-bda9-bd3a011c7eae,769,4,52253.16,15205.99,10,2
963169ad-d6b1-472d-9403-0aa269b95b38,713,3,77035.35,73889.62,9,1
5e516606-00f5-4709-b43f-63410d4cdfea,683,6,5600.62,263.21,2,2
80c7993c-988c-481b-b6d6-40c5d9bd63e3,700,5,31702.79,6623.81,9,1
27c66bb6-7802-4b5c-998a-2f3e3034cf7d,347,5,34120.65,22401.65,2,1
82b0c08a-a777-4bb0-981f-ba9303c61d90,629,1,13654.76,8284.7,2,1
c76ce8f0-36bf-4a63-8a9d-a13973222721,320,6,82186.07,6972.54,0,0
76408c84-51e6-447e-9462-a52f325aa5d2,764,7,39677.44,36806.01,2,2
efab3a15-6749-45d5-b34d-d8cf3c1928ad,630,5,24497.78,12398.74,0,0
a8894142-6f18-4351-9067-5acf63ae3882,745,3,39858.1,9617.92,7,1
bd27139e-6b43-4297-ae0d-78e94d4ec39f,660,9,80635.47,26427.68,9,1
8b62a34a-f923-4c3e-ba87-9d5b0f823a04,374,6,19318.87,1354.78,2,2
29be865e-f418-4896-87c3-53ff91f94684,592,1,25371.9,16614.12,8,0
ce5a1d60-a3fe-4c39-81b9-b90fdaa1de0d,676,6,98841.01,96409.19,4,1
198177cf-5463-4dce-b3e9-9757995b28a7,531,5,44270.01,16880.73,8,0
69aad8b8-0cec-44c6-9649-ca3d113a84fa,732,6,36040.14,29104.33,9,1
ad7b19f8-fcf4-49d2-9df6-98216bde2865,615,3,37159.45,35211.2,9,1
25b19d1d-a712-4dc1-9ba0-b7e9f9a5f221,486,3,70733.89,2458.53,0,1
4323e88b-eeea-46bf-b89c-979a92f63dd9,633,10,21610.18,20733.57,10,2
4aea53e4-1f79-4292-a80a-cc2f4482a6de,806,9,75271.0,74206.49,6,1
ffc04d9a-5495-4d1f-8f40-5110a671523a,616,10,59248.43,14848.16,5,1
f3334f5c-0a1d-41a8-94f9-cf0eca50c0d2,710,7,49534.12,10620.31,1,0
3762e02a-5b9f-4b01-8417-7cf24bbeae33,641,3,18768.11,3467.44,0,1
e06397c0-c405-4064-8688-e2a71f13c4c4,379,6,28679.44,22651.06,5,2
6d5e3204-a34d-4699-9b59-680f9c418b39,636,1,17593.99,6151.82,9,1
8283ac97-fe68-478d-892f-3ba8b42e4dc1,668,6,43956.44,28933.25,5,1
74a68304-c714-4379-81b5-5440f8497999,308,5,91703.0,85404.93,9,1
8e194e66-ac4d-4319-8bcd-b1f135ffaac2,781,6,80462.02,51905.44,8,2
06129d1a-b5c9-4072-9ec5-07c74973da6b,788,4,46663.3,28644.13,8,1
86dbedbb-b60d-41f7-82c1-dba865bb14a1,553,9,88855.1,43726.94,1,0
4ef50ffa-2faf-4344-b7d3-5874cb9c62c9,833,8,50466.25,4657.29,9,2
3a2b33a3-3a4f-46b3-8382-358c9a387905,594,5,36552.89,8433.8,8,0
da0fc188-672a-4b76-b79e-d49324b34161,477,3,17523.15,11587.72,0,0
3b14f800-11bf-42fb-b5de-7f7d29f11681,615,2,74734.06,65312.16,6,1
ca91468e-f4ad-4630-b667-02bc84f16ccd,808,9,84538.24,9787.0,6,0
8d69c7fb-8fed-4eed-b237-c51c1fb44224,772,7,59687.75,16783.32,3,0
4eedab41-509a-4283-9e09-6747dd8c4bef,600,7,1213.16,503.52,10,2
7958dc85-9fa3-4f4f-b679-98f26750efa6,704,6,9025.47,6950.05,6,2
811b2bbb-93f1-4c15-a6e5-f4c9c862fad8,669,6,70603.07,30640.55,5,2
06b305d3-6ace-427e-b721-3ad991686c20,768,10,68380.55,41174.16,4,1
97ab75c4-1b64-4c3f-bbda-644f68d70402,525,10,47481.52,11345.23,9,1
83c6740d-d74d-4f7d-9ba3-27d4c583b9c4,669,5,42657.55,25848.62,3,1
2e70c355-95ee-41a9-8bc6-a840bc372fa1,624,8,49887.0,30910.73,5,2
b9e29710-af6f-4c28-b6e5-8730349976c4,834,5,60297.98,21936.82,10,0
97942256-cd5b-41ae-ae65-410f835a04ca,554,5,33185.98,18608.4,3,2
7c509d49-8888-4872-9c31-81c576dc94d7,368,7,49477.67,13276.79,3,0
70178fa7-6d56-4d0b-a59a-27ab5a1cdaa0,371,8,90629.99,14430.4,4,0
77de8549-b891-4947-b3df-74249f4b838d,480,5,43501.02,25110.09,7,0
e3de47d8-2885-40b7-bcd1-7383acc60549,433,10,89375.17,5601.26,1,0
614c9b04-8050-4c7c-86cf-45fab74479b0,541,8,2602.54,872.53,2,0
b9045a57-7ef9-4bbe-8d45-eab8c7f00709,626,3,84839.49,29015.37,1,1
0b04be03-af1f-4ea7-b06f-fa07b23c2aae,460,7,91826.14,76793.65,2,1
0623919f-76f4-4823-baf8-4ba79f97be20,714,8,18367.38,17735.39,5,0
b8f52735-0361-4b39-9dd9-0fbfb5ea61d6,599,4,91160.98,12423.74,3,2
c652635d-5eec-48bf-aefe-3a7dbffe9888,515,1,87480.02,39393.61,4,1
07844eca-4c4d-4f90-90e3-051a7444db12,839,8,24655.69,168.56,9,1
8973e54a-aeee-47f1-8e52-2f65ccbb667c,402,3,85491.67,11938.5,6,2
f6f0cd92-036c-4a42-bc3c-c8e44ec2ce24,585,7,79749.78,29482.9,6,2
a80254e3-245c-4f1a-8008-8cb211c8f988,788,7,4992.93,1353.18,0,2
90c1ab03-44ba-4d8e-851f-8c5f98ea405e,300,6,47656.66,36787.5,7,1
85c924e9-a029-4538-9d7e-78484fc87095,792,9,93327.17,79824.22,1,1
61bb58ac-e56c-4fb6-93f5-564af46fb4fa,472,5,34932.68,33549.22,3,0
8fb909b0-c812-4e1f-aea5-754e0f431913,505,5,28079.22,24454.02,2,2
4b9b8770-13be-43f5-9337-eaadd4296822,790,4,75477.05,33345.73,7,0
25460daa-a0d0-4bb0-8a43-ff65be5616d0,784,9,43936.96,28186.49,2,1
a34bf4cb-bb7f-4280-b140-5b690f3cd160,666,8,24145.79,10184.14,0,1
00864a92-ac3f-4902-b904-5251cc46b642,724,7,47659.77,46287.58,6,1
9c9c1636-4ed6-4e50-8701-38b8e5b6b625,832,3,53560.47,38982.92,5,2
c5540f8d-6c91-4281-a7e3-314752b583f5,597,3,53257.9,25276.1,7,2
12cdfe28-c71b-4b76-bee2-b0ff6114918a,640,4,4531.52,4274.34,8,2
79851a85-47dd-40c8-8267-f44199a11950,385,8,94345.67,28628.06,5,1
dff62630-00b5-4139-b962-1079ec47872b,652,2,79406.07,5406.01,1,2
57dd3b13-21b1-43af-b38e-0704e549dec8,310,8,79407.33,30422.27,3,0
4e18249a-799c-4842-b163-5e9302bb2fe7,665,2,40928.37,10061.45,10,0
d982627a-6316-4b6b-b4f8-9ba2151a67e7,327,10,98102.04,348.81,9,2
3c720bda-94cf-4115-aade-f406c7a78ec2,692,9,11547.01,1029.57,4,1
fb8dddfa-d162-43da-ad2a-819ac4b9b581,432,7,69407.66,23697.05,5,1
6ce571d2-ed10-4207-91a9-f620c9c459d9,715,1,1060.93,257.93,8,2
a0095b07-70dd-4ec5-a31e-ebbb34553583,808,2,13888.03,3417.99,6,1
d6a2d555-e88b-4ed4-94bf-a45e4d7b1b78,449,9,51551.74,39885.95,10,0
d207ead2-201e-4732-8ffe-2b6f86b5a90b,614,4,37959.15,16498.77,3,0
48f15169-ff2a-4aa2-94e4-8f6ab5e5d6b5,376,9,65939.66,7363.05,9,1
e87458c2-7f7c-41d8-8136-01fdc5bed452,461,5,44225.22,35294.88,1,1
011b48a6-47f3-4666-8dc0-af1cff585bc2,386,10,71962.9,45534.48,1,2
52f1e06a-d3d4-433e-9485-6160c834945f,808,1,87989.99,85191.36,2,1
f1d0e49b-22f2-4c5c-8670-ca1200806114,627,2,67818.2,56546.37,6,0
b1de9ebd-188f-464b-867b-38e86bb10995,751,8,13886.23,13076.73,9,1
d8b71310-ac11-4b5b-99ea-3d18ff0d9eec,548,9,76002.02,33336.86,8,1
0829af99-ff85-456b-82f1-a2005b21a36b,757,4,24072.73,18611.82,9,2
711a8a1e-d256-4d1b-a365-2d4bac51fee6,675,4,94525.25,11123.19,1,2
447d5d2d-fc34-4918-bd82-3591570d2b32,682,8,67331.46,55559.73,10,1
ea2822d8-efb2-44ac-b002-eb2e8d1c5b35,326,1,1411.14,392.29,3,1
3c4e775f-5133-4020-a309-d73c2ac62e1f,749,5,80879.27,67155.66,3,2
ed4efa58-f38f-4359-b670-03595dce0228,561,3,38545.6,826.59,7,0
0c36477e-1cf7-4914-bdfe-8230e9e693af,347,4,84382.26,52165.35,8,1
51181c9c-7516-4278-9910-9c11bc39797c,643,9,76113.04,5018.67,10,1
9dbbc99d-9ae9-4a1f-898d-e7aca568d265,795,4,91284.99,90278.56,7,2
16c4d8c4-1d0b-4dbd-8762-34dffb1b8278,496,6,29843.89,18802.48,4,0
993a15ee-a0bd-49e9-aa80-e506dbfb3cec,605,1,26639.76,6140.08,6,1
a1fd6bf0-584b-4fa3-bf7d-1e0dd13f33bf,741,1,49944.82,44621.06,7,2
8b901a8d-b4aa-4142-9aed-fd6e1d13f18a,328,2,74132.41,6350.43,2,0
deec1aa1-49f8-403a-b065-c8c4331f1421,607,5,41255.87,9360.08,4,1
e13032a9-1b5a-401d-964b-fcadb6419c2a,488,7,82016.19,50732.67,1,0
165b9718-65fa-414c-9337-ae0542fa51a7,304,7,35183.93,32271.29,5,2
10a156a7-df75-4b06-8e06-938d505e608c,365,8,27398.64,17782.13,8,1
72fcd315-588f-4c99-953e-3d87c43b758d,839,1,2178.98,351.46,10,2
5c940417-ae42-4c4d-9442-207f7b3b6ea3,592,9,90021.99,84118.41,0,1
70d8cc70-f90a-4dca-8850-bb792044186f,775,7,94059.04,57319.47,1,0
53561f1e-efaf-4293-8e47-71ae47e6af33,821,7,40883.23,6082.24,10,2
472d41ea-84c9-447f-803d-5c39bc751946,657,4,17069.45,13591.52,2,0
42dec520-d793-4fd3-84be-da13d505adff,848,10,73750.66,16653.36,5,0
c22a178b-a914-4713-ba16-bce484b32014,654,3,38262.62,23438.51,7,2
0d269fe9-f1dc-4bae-b4ea-a34cdd0cb3d0,810,7,57847.13,40565.95,7,1
6ce04c83-3ce5-4bbc-ad5d-586e802643c0,507,9,73118.8,3943.12,5,2
61daab8f-2378-4c04-9703-bb80aef6e276,445,3,98714.18,41535.35,7,0
f19b932b-7fc9-4455-b400-72c2c728bb9e,440,1,33808.05,28171.6,1,0
b05d5d5c-ed19-43a8-a13c-54ab560455e0,313,1,53605.14,10741.61,7,1
4dc573a9-5b17-427d-8f44-712fbe9262a3,565,6,16530.18,9658.67,3,1
486bbe2e-a00d-4fe8-915c-adb9e573f3c2,454,4,3736.45,172.31,8,0
0d5feed6-bdb3-4e3d-9f6f-969c1b0a2f6b,840,8,77829.59,74718.45,2,1
d860ee66-371a-4c28-b01e-01f3cbdc60ce,485,10,12246.47,1155.91,4,0
73543971-4721-4dc5-8c82-4c6e8d0ead98,682,2,4496.63,409.37,2,1
d12af2f7-fb7a-4219-bc4a-f33faa05dba2,368,2,55715.66,47737.58,4,2
7656a422-429d-467e-98e1-e20caac9fc19,624,4,72857.42,29569.51,4,2
c3d2f041-41d7-49fc-8e2b-76ab6e1e6ebf,835,4,7024.64,4833.77,7,1
5efc7574-23b8-4217-ab25-0fe4a57ce573,741,5,55454.29,6301.06,8,2
6028adc7-c135-4a9e-b18c-55bd2a4a4a38,353,1,87536.62,65363.57,6,2
f11f5385-68ec-4af7-a5bd-54ea9e80b04d,360,6,34153.06,5284.71,7,0
0990b34a-c59f-4d7f-a9c4-4eb9ec2526ac,393,5,47624.78,16530.38,4,2
9bfaceae-f3b3-4c56-a3fd-9055dea9c896,483,9,58613.92,19235.6,5,2
15a77395-e7ee-46db-bbe3-70a38b809027,808,2,11536.3,9915.53,6,1
8fe4abc8-cdf1-41d4-9f56-1c60d269e587,342,2,68653.37,60402.98,6,1
d388b89a-7e10-4f23-a8c3-7302132d5328,496,5,82290.29,13480.51,9,0
8aa96c66-ae22-45b7-ad4c-cc16d5c9fc56,410,9,69455.23,53528.41,5,0
cee330ab-5309-48e1-a434-6455dc0d1ad6,369,8,69285.14,62944.84,9,2
c6007455-d386-4d34-bb12-e786930d89cf,768,5,55505.9,48211.57,0,2
5d409e9f-a31b-4372-9616-93f0fbf91d4b,615,4,64320.29,34693.09,4,0
a5e93eee-a4c6-4239-ab55-50595c4d16f6,581,10,68277.12,51895.07,7,2
06eddf59-3869-403b-97f0-0a0493d1f7a6,779,7,1357.91,908.25,6,2
3f5e8bd4-07ee-4ecc-8935-f8e87e249de7,484,5,25062.28,14763.21,3,1
44fc511b-0016-4108-b4e5-a6144446b7d0,415,9,5312.16,2304.32,10,1
a259292f-72cb-4607-908c-08753583bda0,618,4,31529.36,19212.86,7,0
4a51229b-ef77-4c57-908f-7cced39edbe3,443,9,29236.51,24439.43,9,0
0f8ea7eb-0e81-494f-8392-4d80bc4ec652,355,5,35422.03,25472.26,8,0
2cb9cfa5-923f-4574-9fc1-7a6cdb45e72d,406,3,14434.94,2052.03,7,0
6025fa0c-7f49-4c57-bfb6-573ce294e0af,788,5,83404.05,57715.11,9,2
c72a6017-0394-4c3e-840e-9dcaf039780a,651,1,1525.26,500.99,6,0
d1bdcf5d-f69f-4bd2-833c-95620d901509,707,4,82885.3,31456.54,10,2
998cdf6f-ce6e-4deb-bacb-06b1ed72480f,782,10,15448.45,6837.49,7,2
e24c5264-d2a0-479e-a188-fc7b2732d50a,312,7,67898.93,36440.8,1,0
31136578-aa9d-4db8-ac9f-91d3f7da6d65,498,1,87562.22,47931.11,9,1
5ff74070-7f5b-4a1b-8826-9008c9768330,418,5,58053.26,25610.65,7,0
44924941-647b-482a-b0eb-8563f09a62d9,825,8,6378.72,5173.71,9,2
09aad3c3-2b9b-4eff-a4ed-26325d5e6d62,787,3,44623.27,38954.11,0,0
4d2db7eb-b10f-4ef9-bd0b-39f94dcf979e,627,1,54106.27,16745.23,8,0
4b204284-29b1-4f1b-aa57-7ae20fe614da,787,3,19658.99,1247.28,8,1
d7e27b8b-b7fa-4b13-93e3-7c5a64da013d,391,4,75935.12,14755.28,1,1
82b1aea7-f7dd-47b3-a5c2-d57f1114ff00,598,5,97690.97,10234.73,6,1
522e735e-110d-49ca-8a46-cfaeb4801a7a,452,5,29386.59,24486.5,4,1
0f1d7214-5398-4d3f-a63d-09a1562eb61b,747,6,68211.06,66699.01,8,0
17368bd9-a2a9-4b6c-8594-da4718a622ec,780,10,95691.01,20258.44,5,2
bf432a4a-af2a-4f26-aabd-0e288df6f84c,822,5,59671.13,42677.36,8,1
b5d01b0d-c902-4be5-8321-a4194579880b,311,3,86169.74,5956.94,2,2
d2b5c2a8-560b-4ca1-a825-6b606d2f7f6c,555,3,39441.19,8875.89,7,2
dfaf3f1b-672d-45b3-af5c-014ec587b3ad,747,6,71023.95,40820.99,7,2
29be65e2-6fee-4f18-984c-de9c3469c952,689,8,30974.63,1513.24,3,0
4a37275a-216a-40b1-b17b-7672e8259d2e,317,3,80732.07,8708.36,1,2
945d0ca6-6e33-484f-83a0-be552e35233d,653,2,77298.5,63272.27,0,0
1b6de566-d991-49ee-8adf-f6339926498d,345,10,72137.47,14215.54,4,1
0affe5e1-8626-40a4-8bfc-6e086a13505f,678,7,57535.66,44992.48,1,1
17ebc841-d160-40cf-8619-23bc5822c12a,624,3,66122.51,14320.82,3,2
389cbad9-f85c-4425-9e35-ddd75adc0f12,741,6,75680.42,13960.87,0,1
75adadde-8ca9-44e7-8d41-1cd65143d270,638,8,85227.48,51331.54,6,1
9e47c234-4889-4dd3-8c73-6a9cf15509fc,305,4,20568.42,12699.84,9,1
2be03f1a-afac-4694-b9e0-443601753456,410,3,19687.31,11689.66,7,0
ccace399-40b2-42b0-9e77-3c4f0708c3bd,801,10,81822.57,24140.07,0,0
aeaa8940-5e50-45c4-b40e-d5eba07606ca,767,9,45307.27,3226.32,1,2
d66569cb-6044-4a6c-a073-8d60c824463c,417,10,10356.11,10342.35,2,1
a596dbfa-7680-4bf2-9662-a968cb2b4ceb,839,2,63049.81,24278.72,5,1
0a07fd0e-8d1c-430f-beb4-f16531baf698,704,10,58502.44,24305.64,10,0
83c8135e-9941-442b-80d6-823cd3999ee4,787,6,71654.15,49018.28,3,1
1a34f4f1-d830-477d-ab91-befa8c53457b,806,2,22753.49,16421.1,4,2
bbdd39f1-4ad3-4e67-90fb-252ef31aec2f,615,2,89200.82,38116.14,6,2
da5cfb10-44ac-49d1-ab66-16e4e3fb1f8b,426,10,56456.91,23566.13,0,2
eb154474-b425-454f-93b0-1545c22da498,658,2,84239.79,19868.66,2,1
9cafcd4e-ad3e-4e1f-8f73-41eb19c6d1fe,518,8,12731.7,7867.72,4,2
44615304-e723-4062-9a58-fc6a0d7dd9fc,534,10,85920.14,58424.65,6,2
26658b84-ee5a-40bd-af75-165089b4873d,373,8,94191.61,49527.42,10,2
181f0ea1-baa2-4971-9a06-15f21a81f9d8,520,3,74961.12,50300.15,6,1
cca75b56-2318-42ce-931c-224b0d8c7b6f,543,8,46880.08,19529.7,5,1
0044e587-bf45-425f-a641-4be314db8a84,754,9,97564.55,79004.26,0,1
0ff79cc6-8101-40e7-b5ca-916289db41ad,587,2,57041.52,29301.35,3,1
76f1f273-9265-4f0c-9213-844efff3a802,767,1,58682.0,4806.85,1,2
bbceb12d-5727-483d-bdd9-dd03e02ec527,714,3,21287.33,5944.05,5,0
c6aae23e-a840-40a3-bbf1-caa95bfc13a9,850,8,87110.35,11242.29,8,0
151d8a0d-0050-4d37-89d5-1fb956de5f6d,584,6,89284.11,52967.96,2,1
008dc788-1ed4-487c-8a69-4866abfd37e3,576,5,27290.78,23869.35,5,0
0773e264-08e6-498a-8f58-a30e41bd22b4,780,2,38818.49,30562.97,1,1
bf5f8803-02dc-4901-828e-f09af210ec3b,347,9,4850.88,4070.26,0,0
cf5a96ff-79b5-4861-a941-bc4b0640f999,589,3,32882.55,22734.36,7,2
b4a88236-1823-4e9d-8b12-e902a9305003,349,6,24965.2,11882.82,3,1
085f33cf-382a-47c3-9fe6-3edbeb61ef6e,790,5,56071.88,23956.79,4,2
ff7a4142-dbbf-4fee-981d-fd2d17a928b0,341,2,34112.07,4534.26,9,2
1f9f92bc-537d-4aa8-b164-0678f73cfe64,634,9,89160.99,83853.87,7,1
2a8efe3a-1d8e-4fce-ac02-bcf9c273cab7,511,4,49446.57,6104.33,7,0
49bc9a49-0a3f-414d-8a48-d211ae87fcba,699,4,56478.52,32791.23,8,2
95a8ca18-7598-4e7e-824d-745ac7de7760,653,5,94505.6,79223.2,5,0
53802e63-6d34-4f66-bc4f-ee0d75fad7d8,746,5,36120.36,11207.43,4,0
c78b8cb9-7a5d-43a5-9c43-c22ad4cd9e0f,758,5,45263.15,20087.42,4,1
5a811f7f-ba37-4092-91f5-0063f5a8faed,476,2,95153.78,63996.37,5,1
6e2e7439-2c27-4881-bd03-528f84d73e10,714,1,70939.32,68227.2,4,1
264d789d-b783-43b5-889b-cfae4e7e303f,376,8,7398.73,7139.58,10,0
75fa3959-16a3-4dd7-a9ee-3d8fef6a2974,419,8,41139.99,40591.62,6,1
61659647-3ba9-4b3f-8333-a4cee0a6f8ff,481,9,86644.55,60564.7,8,1
eca54b23-5fda-453c-ba97-0f6af8d15db0,834,9,70005.97,57313.87,3,0
2f5341ec-e7a3-452a-9841-e764cf65eb7e,455,1,29054.51,10681.67,0,1
af7424e4-fd0b-495e-b0fd-d8b99ca67e71,545,3,74999.43,31307.9,0,0
177535b1-e404-4b26-8be8-26d5e6f04b71,614,1,35711.9,4149.74,8,0
048a7f50-0631-4c94-9fa8-ad2f421b2fea,639,3,28410.42,18146.97,3,1
e629c98c-dbbf-44ec-bba0-983adfbadc37,790,1,72435.98,32622.35,2,2
69a50383-2f59-4c6d-b801-c468c5b99e2b,636,1,96649.06,77958.12,8,2
c061937d-c402-4556-9183-394110a0aa91,594,2,3924.27,3582.12,10,1
c11bd8e5-ab72-4148-8c7a-246167c0ccc1,655,8,74089.55,3558.92,5,0
29a625aa-6b1d-4c0b-b2b9-75a42f01e6d3,691,7,34406.44,22893.9,0,0
890ceffe-1b8b-4f6b-9422-503a73a9034b,387,3,31352.3,28286.02,5,2
26100112-8b25-4f6a-b8f5-b526d985fd6f,756,8,88675.35,87866.18,3,1
eb416bbd-9824-47d1-af35-46350fef847e,636,3,94142.25,84717.33,8,2
cd7de65b-9b2f-451d-a4b3-f71a2a3a221f,788,10,56565.83,8952.67,1,1
6f3b4e0e-509b-4f1e-adb0-13c0d5510e7f,462,4,49496.23,39882.58,6,2
45d7324c-bc52-4821-8ef9-6aceb729ac3c,497,2,68954.19,4158.51,7,1
460be4bd-eea1-43c2-8989-a18a25a6e11b,725,9,40666.88,31318.69,4,1
760c48ab-f1c0-49a5-a171-c170d95997ee,671,2,81323.29,16936.78,3,0
1f5781e9-5ebb-4c28-a272-0e648bc41a55,598,3,3791.23,3152.93,5,0
81aedc4f-4f85-49a0-8c37-88ca0f46c536,530,10,93898.0,41352.71,4,0
aa15535d-560f-44ca-843b-63589381d221,761,9,5243.21,1676.15,2,1
53bdb9bb-3db2-4f54-b5c5-0a9532323b03,389,4,10585.52,6742.97,5,0
95ab5008-6372-4d99-85d9-603520512424,439,4,77766.49,54198.82,6,0
25a72694-754d-4700-8269-31ed35eed0fa,476,4,95396.06,42760.61,4,2
9d253f2a-8260-4725-8175-6dfbdb3147ef,797,8,42014.16,24707.3,6,0
9732d531-ef0e-4c95-a5cb-ae4b5c94fc12,616,6,98828.7,29762.81,6,2
927e341e-da53-4c61-bf96-10c0ec421fed,482,8,97144.99,26833.19,8,0
094b7ec0-d71b-48c5-b7e7-9cf3c5df6525,849,5,28201.86,4249.79,1,2
07d842d8-d9bd-48f0-b203-e54084befd13,308,10,35965.36,20511.65,9,1
257200c4-6541-4cc3-9525-e0497dadedf5,628,3,1978.26,1777.13,1,0
a2688800-76ca-44c8-b5ea-f1026cc0c291,662,4,99759.74,70304.6,9,2
8249e0ec-6562-41c5-88fe-a0bf078dfe0e,797,6,49425.0,4100.53,4,0
2a7bec13-f9e3-442e-9c1c-7ff1a74fb265,793,9,4960.54,4167.15,0,0
8df6780b-f78b-4c3f-92eb-510dc88b8910,742,8,20194.6,14274.76,8,1
1e64a62a-7c93-4a23-8f64-8f347c66116d,690,9,8795.34,5770.25,10,0
89595f4d-80ba-4506-92b3-31e43d30ed7e,793,4,44763.15,28836.16,10,0
06d8bcc4-9a7c-4ebf-ad9a-2e5e1ee16b11,757,4,41575.4,20537.98,8,0
7eafb5c9-4875-489a-9729-9194e84ed22f,606,2,3708.22,1318.89,2,0
3fe1cf80-774a-4c19-aaab-57f9481820c0,698,1,62728.07,26906.91,6,0
9342ec28-b98a-4f37-b0cc-94e2c23a3411,560,2,52610.92,7690.19,5,2
20de0530-ef3a-4768-96e1-712214a56986,319,9,8806.52,7676.87,0,0
bb672286-464f-4020-af15-c8ef8f1fc1a3,322,7,90773.52,42399.72,4,0
cd3de236-42ae-4fbf-8777-52e7c355f48b,556,5,75710.0,17887.31,2,1
e02dfae9-1bc3-4f0c-b446-1ae1d46d2f94,647,8,12739.69,5156.44,9,0
5f48df3c-a7d6-4e6f-a4d2-4da2c0430ccc,667,3,9969.08,8774.65,6,1
a9868f77-5a80-4b43-9146-8b5cf2a79e2f,801,2,89379.27,61905.36,5,0
8802abdb-096a-404d-b7da-eada740f844c,338,8,91534.39,55290.08,8,0
a1fed468-6cda-42b4-b7d0-e420257df1b7,633,8,35057.16,15093.99,2,2
d5397094-332d-4416-bfeb-fcdb8446141f,366,9,34524.54,2204.93,1,0
c1c216c6-afd4-48a7-bde7-3d9e4cf1c6d3,319,6,91861.87,24410.73,2,2
b6a2f8b1-388d-479b-b5a9-07165d5d2369,385,5,3272.52,1.52,0,1
4233c9a9-038f-4885-b98d-29251a566708,596,6,33129.28,16746.76,5,2
ff3e34e9-777c-4802-89b8-d68856e01c5d,310,5,10626.81,606.21,7,0
ddf395a9-d2d0-4e8e-9812-c46d41474e64,375,5,83536.42,49049.54,10,0
b7f2cf65-7367-4985-ab98-481f936c773b,800,2,48084.02,881.53,4,1
4cb4b293-43db-4fa8-93ed-1922e80e8fe1,824,2,56906.48,12539.76,3,1
72246642-423f-408a-a231-0a791003dc85,743,7,34451.21,32416.16,7,2
c2cf11bf-7a05-4517-8a38-d39dc2a38769,453,10,64497.05,48118.38,6,2
38f2bf94-4e7e-44c4-a441-d6e8b527c8c9,724,1,21515.6,3068.34,0,2
83b5f070-49d6-48ed-b44d-dfa8a8a42bb7,565,8,44617.33,26175.83,4,0
286746de-2fe7-4468-b41e-1e698517c47b,786,8,57688.12,13955.47,4,2
3a5f5209-72f5-42f9-b5c1-4440db18e18c,444,5,75292.27,47554.46,1,1
d3c2a0bb-f31f-43db-a0c6-369e04f63953,681,6,72293.02,38833.46,10,0
f3c63690-a877-4694-bce6-8e5211b70540,319,2,62970.84,3450.66,0,2
4fedb6cb-1c08-404d-9195-7d728c2a5835,394,6,61046.4,48431.97,7,2
edafda89-475f-4933-8ea5-f9fa5e1a58df,527,8,31869.49,10566.09,10,1
5e3f6f3a-a8d6-4d47-84b6-2aa4763e4347,429,1,86725.6,48245.1,4,2
f80b5b7c-79eb-4e6b-84e5-c3825584baba,638,4,96121.63,47890.98,6,2
b2be36c6-9c99-452e-8c41-9d3bc77522e0,638,8,40624.59,614.19,5,0
442e4201-f711-400c-b985-1c73dbc72e52,333,8,57682.5,50705.2,10,1
19d55cc6-f70d-4c20-87b4-e71f266108f1,834,10,2197.4,2047.1,4,0
553eb74e-e034-41a8-9cd2-611fc0bbdea4,383,4,80081.66,18080.04,4,1
9614dd74-cca0-47ca-a02e-ac2be5e52eda,347,1,70656.78,13700.54,1,0
725187e5-6dbf-438c-8258-7349219b3991,826,4,51909.17,33857.09,2,2
454cc4e6-16cc-4c3f-80f4-19195d3a8561,612,2,70209.95,44228.27,0,2
c38c71d6-71f0-4492-a1ca-231a20d9eee3,354,5,99723.24,535.83,6,2
0ea8ff2f-4ebd-4239-85ae-a4f37f6dc1cf,348,3,11457.28,3952.62,8,0
66b51fb7-7570-4697-854e-918fea944bac,539,8,63514.49,48890.28,10,1
34eadce3-538b-4c06-8c74-54e2cb9e9314,766,2,81797.02,61200.51,0,2
7da9cac0-6221-4f26-a0dd-8924acffc876,611,4,32893.01,24076.35,7,0
6d9ebf75-7aaf-4b30-bac6-e9003715104a,565,5,95184.82,79006.82,10,1
10d39c46-1c8d-4a94-a6e6-3d8747723c47,556,8,60987.03,32532.72,3,2
